timestamp,date,latitude,longitude
1645564813,"2022-02-22 21:20:13",45.057733,7.680939
1645565366,"2022-02-22 21:29:26",45.057744,7.680953
1645566969,"2022-02-22 21:56:09",45.057735,7.680927
1645568758,"2022-02-22 22:25:58",45.05773,7.680942
1645569043,"2022-02-22 22:30:43",45.057732,7.680934
1645569314,"2022-02-22 22:35:14",45.057737,7.680927
1645569585,"2022-02-22 22:39:45",45.057738,7.680928
1645569855,"2022-02-22 22:44:15",45.057736,7.680928
1645570037,"2022-02-22 22:47:17",45.057816,7.680275
1645570069,"2022-02-22 22:47:49",45.057733,7.680934
1645570129,"2022-02-22 22:48:49",45.057739,7.680923
1645570429,"2022-02-22 22:53:49",45.057741,7.680937
1645571892,"2022-02-22 23:18:12",45.057816,7.680275
1645571924,"2022-02-22 23:18:44",45.057739,7.680929
1645576568,"2022-02-23 00:36:08",45.057742,7.680928
1645576807,"2022-02-23 00:40:07",45.057482,7.681425
1645583695,"2022-02-23 02:34:55",45.057738,7.680931
1645583988,"2022-02-23 02:39:48",45.057736,7.680926
1645584011,"2022-02-23 02:40:11",45.05721,7.678146
1645584048,"2022-02-23 02:40:48",45.05774,7.68092
1645584197,"2022-02-23 02:43:17",45.0577,7.681987
1645584212,"2022-02-23 02:43:32",45.057189,7.681358
1645584228,"2022-02-23 02:43:48",45.057739,7.680927
1645584258,"2022-02-23 02:44:18",45.057734,7.680935
1645596988,"2022-02-23 06:16:28",45.057733,7.680934
1645597268,"2022-02-23 06:21:08",45.057735,7.680941
1645597548,"2022-02-23 06:25:48",45.057743,7.680946
1645597825,"2022-02-23 06:30:25",45.057729,7.680979
1645597919,"2022-02-23 06:31:59",45.057607,7.681681
1645597932,"2022-02-23 06:32:12",45.057131,7.681589
1645597966,"2022-02-23 06:32:46",45.057139,7.682268
1645597983,"2022-02-23 06:33:03",45.057176,7.682735
1645598014,"2022-02-23 06:33:34",45.057554,7.682775
1645598048,"2022-02-23 06:34:08",45.058035,7.683154
1645598079,"2022-02-23 06:34:39",45.058378,7.683526
1645598089,"2022-02-23 06:34:49",45.059433,7.683495
1645598110,"2022-02-23 06:35:10",45.059856,7.683531
1645598144,"2022-02-23 06:35:44",45.059075,7.683952
1645598171,"2022-02-23 06:36:11",45.059571,7.684159
1645598197,"2022-02-23 06:36:37",45.060179,7.684221
1645598237,"2022-02-23 06:37:17",45.060469,7.685051
1645598274,"2022-02-23 06:37:54",45.06092,7.685166
1645598296,"2022-02-23 06:38:16",45.061182,7.685358
1645598330,"2022-02-23 06:38:50",45.061691,7.685322
1645598388,"2022-02-23 06:39:48",45.062168,7.685642
1645598421,"2022-02-23 06:40:21",45.062844,7.686462
1645598452,"2022-02-23 06:40:52",45.063375,7.68673
1645598460,"2022-02-23 06:41:00",45.062303,7.6858
1645598553,"2022-02-23 06:42:33",45.062805,7.686282
1645598611,"2022-02-23 06:43:31",45.064845,7.687895
1645598639,"2022-02-23 06:43:59",45.063235,7.686732
1645598654,"2022-02-23 06:44:14",45.065703,7.688639
1645598670,"2022-02-23 06:44:30",45.065894,7.689274
1645598736,"2022-02-23 06:45:36",45.066629,7.689596
1645598767,"2022-02-23 06:46:07",45.06698,7.689506
1645598798,"2022-02-23 06:46:38",45.067346,7.689673
1645598831,"2022-02-23 06:47:11",45.067604,7.69002
1645598891,"2022-02-23 06:48:11",45.068098,7.690337
1645598958,"2022-02-23 06:49:18",45.068166,7.690258
1645598965,"2022-02-23 06:49:25",45.068378,7.690326
1645598989,"2022-02-23 06:49:49",45.068582,7.690661
1645599020,"2022-02-23 06:50:20",45.068928,7.690967
1645599054,"2022-02-23 06:50:54",45.069399,7.691101
1645599085,"2022-02-23 06:51:25",45.069899,7.691491
1645599106,"2022-02-23 06:51:46",45.070172,7.691352
1645599140,"2022-02-23 06:52:20",45.070377,7.691792
1645599177,"2022-02-23 06:52:57",45.071336,7.69238
1645599211,"2022-02-23 06:53:31",45.070625,7.691939
1645599243,"2022-02-23 06:54:03",45.071239,7.692713
1645599275,"2022-02-23 06:54:35",45.071401,7.693103
1645599277,"2022-02-23 06:54:37",45.071091,7.692333
1645599307,"2022-02-23 06:55:07",45.071238,7.69293
1645599337,"2022-02-23 06:55:37",45.07156,7.693149
1645599369,"2022-02-23 06:56:09",45.07133,7.692647
1645599432,"2022-02-23 06:57:12",45.071372,7.693195
1645599454,"2022-02-23 06:57:34",45.071167,7.692674
1645599524,"2022-02-23 06:58:44",45.071452,7.693069
1645599587,"2022-02-23 06:59:47",45.071256,7.693397
1645599619,"2022-02-23 07:00:19",45.071174,7.692706
1645599714,"2022-02-23 07:01:54",45.070699,7.692418
1645599763,"2022-02-23 07:02:43",45.070967,7.692883
1645599776,"2022-02-23 07:02:56",45.070615,7.692773
1645599824,"2022-02-23 07:03:44",45.070454,7.693094
1645599837,"2022-02-23 07:03:57",45.070629,7.692736
1645599947,"2022-02-23 07:05:47",45.070568,7.693184
1645599993,"2022-02-23 07:06:33",45.070652,7.692683
1645600174,"2022-02-23 07:09:34",45.070981,7.692649
1645600211,"2022-02-23 07:10:11",45.070592,7.692674
1645600276,"2022-02-23 07:11:16",45.070984,7.692254
1645600307,"2022-02-23 07:11:47",45.070622,7.692732
1645601547,"2022-02-23 07:32:27",45.070697,7.69227
1645601574,"2022-02-23 07:32:54",45.070653,7.692721
1645601933,"2022-02-23 07:38:53",45.070692,7.692338
1645601974,"2022-02-23 07:39:34",45.070648,7.692731
1645603218,"2022-02-23 08:00:18",45.070849,7.692416
1645603293,"2022-02-23 08:01:33",45.070544,7.69245
1645603354,"2022-02-23 08:02:34",45.070295,7.692201
1645603480,"2022-02-23 08:04:40",45.070585,7.692244
1645603543,"2022-02-23 08:05:43",45.070274,7.692073
1645603728,"2022-02-23 08:08:48",45.070537,7.6924
1645603790,"2022-02-23 08:09:50",45.070827,7.692594
1645603801,"2022-02-23 08:10:01",45.070455,7.691542
1645603821,"2022-02-23 08:10:21",45.071026,7.692829
1645603870,"2022-02-23 08:11:10",45.070721,7.691567
1645603886,"2022-02-23 08:11:26",45.071049,7.692812
1645603948,"2022-02-23 08:12:28",45.070771,7.6925
1645603979,"2022-02-23 08:12:59",45.070469,7.692224
1645604041,"2022-02-23 08:14:01",45.070718,7.692471
1645604089,"2022-02-23 08:14:49",45.070858,7.692056
1645604103,"2022-02-23 08:15:03",45.071018,7.692818
1645604137,"2022-02-23 08:15:37",45.07075,7.692377
1645604198,"2022-02-23 08:16:38",45.070616,7.692724
1645604384,"2022-02-23 08:19:44",45.069673,7.693113
1645604415,"2022-02-23 08:20:15",45.07066,7.69268
1645604507,"2022-02-23 08:21:47",45.070724,7.692194
1645604541,"2022-02-23 08:22:21",45.07065,7.69263
1645604620,"2022-02-23 08:23:40",45.070474,7.692166
1645604634,"2022-02-23 08:23:54",45.070666,7.692644
1645604703,"2022-02-23 08:25:03",45.070302,7.691986
1645604727,"2022-02-23 08:25:27",45.070667,7.692691
1645604748,"2022-02-23 08:25:48",45.070527,7.691937
1645604790,"2022-02-23 08:26:30",45.070639,7.692686
1645604900,"2022-02-23 08:28:20",45.070823,7.692158
1645604914,"2022-02-23 08:28:34",45.070637,7.692681
1645604959,"2022-02-23 08:29:19",45.070701,7.692292
1645604962,"2022-02-23 08:29:22",45.070928,7.691966
1645604976,"2022-02-23 08:29:36",45.071093,7.69163
1645605007,"2022-02-23 08:30:07",45.070639,7.692736
1645605016,"2022-02-23 08:30:16",45.070832,7.692135
1645605038,"2022-02-23 08:30:38",45.070628,7.692681
1645605301,"2022-02-23 08:35:01",45.070732,7.692245
1645605319,"2022-02-23 08:35:19",45.070655,7.69266
1645605726,"2022-02-23 08:42:06",45.070346,7.693221
1645605753,"2022-02-23 08:42:33",45.070647,7.692708
1645605771,"2022-02-23 08:42:51",45.070388,7.69297
1645605783,"2022-02-23 08:43:03",45.070624,7.692691
1645605864,"2022-02-23 08:44:24",45.070988,7.692571
1645605874,"2022-02-23 08:44:34",45.07069,7.692638
1645606176,"2022-02-23 08:49:36",45.07042,7.692305
1645606209,"2022-02-23 08:50:09",45.070024,7.69211
1645606251,"2022-02-23 08:50:51",45.07045,7.692594
1645606320,"2022-02-23 08:52:00",45.070099,7.692231
1645606362,"2022-02-23 08:52:42",45.070125,7.69108
1645606369,"2022-02-23 08:52:49",45.070339,7.691736
1645606400,"2022-02-23 08:53:20",45.070515,7.6923
1645606462,"2022-02-23 08:54:22",45.070493,7.692707
1645606490,"2022-02-23 08:54:50",45.070815,7.692641
1645606523,"2022-02-23 08:55:23",45.070467,7.692298
1645606584,"2022-02-23 08:56:24",45.070244,7.691982
1645607483,"2022-02-23 09:11:23",45.069957,7.691984
1645607856,"2022-02-23 09:17:36",45.070402,7.691937
1645607887,"2022-02-23 09:18:07",45.070086,7.691961
1645607915,"2022-02-23 09:18:35",45.070642,7.693208
1645608011,"2022-02-23 09:20:11",45.070315,7.692021
1645608097,"2022-02-23 09:21:37",45.068542,7.691385
1645608104,"2022-02-23 09:21:44",45.069636,7.691708
1645608135,"2022-02-23 09:22:15",45.068542,7.691385
1645608185,"2022-02-23 09:23:05",45.06911,7.691
1645608304,"2022-02-23 09:25:04",45.069534,7.691605
1645608353,"2022-02-23 09:25:53",45.069842,7.691421
1645608389,"2022-02-23 09:26:29",45.069972,7.692007
1645608797,"2022-02-23 09:33:17",45.070399,7.691941
1645608828,"2022-02-23 09:33:48",45.070111,7.691978
1645608953,"2022-02-23 09:35:53",45.070373,7.691771
1645609045,"2022-02-23 09:37:25",45.070074,7.691879
1645609378,"2022-02-23 09:42:58",45.070405,7.691937
1645609408,"2022-02-23 09:43:28",45.069992,7.691807
1645609452,"2022-02-23 09:44:12",45.071766,7.695105
1645609470,"2022-02-23 09:44:30",45.070443,7.692334
1645609600,"2022-02-23 09:46:40",45.070734,7.692444
1645609610,"2022-02-23 09:46:50",45.071086,7.692985
1645609665,"2022-02-23 09:47:45",45.070878,7.691962
1645609685,"2022-02-23 09:48:05",45.070912,7.692845
1645609739,"2022-02-23 09:48:59",45.070754,7.692128
1645609795,"2022-02-23 09:49:55",45.070888,7.692477
1645609850,"2022-02-23 09:50:50",45.07058,7.692291
1645609942,"2022-02-23 09:52:22",45.070401,7.69194
1645610054,"2022-02-23 09:54:14",45.074278,7.692837
1645610103,"2022-02-23 09:55:03",45.070669,7.692161
1645610130,"2022-02-23 09:55:30",45.070404,7.692363
1645610222,"2022-02-23 09:57:02",45.070452,7.691973
1645612021,"2022-02-23 10:27:01",45.070285,7.692323
1645612058,"2022-02-23 10:27:38",45.070459,7.691827
1645612264,"2022-02-23 10:31:04",45.070539,7.69222
1645612319,"2022-02-23 10:31:59",45.070273,7.692124
1645613238,"2022-02-23 10:47:18",45.070553,7.692085
1645613432,"2022-02-23 10:50:32",45.07028,7.691983
1645613504,"2022-02-23 10:51:44",45.07044,7.692292
1645613619,"2022-02-23 10:53:39",45.070201,7.692062
1645613680,"2022-02-23 10:54:40",45.070438,7.692247
1645613803,"2022-02-23 10:56:43",45.070806,7.692471
1645613834,"2022-02-23 10:57:14",45.070968,7.692821
1645613847,"2022-02-23 10:57:27",45.070637,7.692483
1645613864,"2022-02-23 10:57:44",45.071006,7.692816
1645613926,"2022-02-23 10:58:46",45.070759,7.692569
1645613956,"2022-02-23 10:59:16",45.070481,7.692356
1645614048,"2022-02-23 11:00:48",45.070229,7.691932
1645614238,"2022-02-23 11:03:58",45.070579,7.692229
1645614415,"2022-02-23 11:06:55",45.070137,7.691936
1645614455,"2022-02-23 11:07:35",45.070413,7.692018
1645614782,"2022-02-23 11:13:02",45.070439,7.692409
1645614831,"2022-02-23 11:13:51",45.070382,7.692001
1645614896,"2022-02-23 11:14:56",45.070272,7.692357
1645614923,"2022-02-23 11:15:23",45.0705,7.692058
1645615032,"2022-02-23 11:17:12",45.070197,7.691991
1645615079,"2022-02-23 11:17:59",45.070473,7.692
1645615496,"2022-02-23 11:24:56",45.070194,7.692338
1645615517,"2022-02-23 11:25:17",45.070369,7.691951
1645615589,"2022-02-23 11:26:29",45.070419,7.692344
1645615704,"2022-02-23 11:28:24",45.070281,7.691941
1645616013,"2022-02-23 11:33:33",45.070568,7.692219
1645616130,"2022-02-23 11:35:30",45.070331,7.691878
1645616474,"2022-02-23 11:41:14",45.070599,7.691992
1645616527,"2022-02-23 11:42:07",45.07022,7.69213
1645616565,"2022-02-23 11:42:45",45.070536,7.692051
1645616601,"2022-02-23 11:43:21",45.070232,7.69209
1645616901,"2022-02-23 11:48:21",45.07054,7.692293
1645617020,"2022-02-23 11:50:20",45.07094,7.69271
1645617508,"2022-02-23 11:58:28",45.070642,7.692443
1645617516,"2022-02-23 11:58:36",45.071011,7.692992
1645617583,"2022-02-23 11:59:43",45.07048,7.693775
1645617617,"2022-02-23 12:00:17",45.069897,7.693475
1645617633,"2022-02-23 12:00:33",45.068506,7.693567
1645617682,"2022-02-23 12:01:22",45.069156,7.692956
1645617709,"2022-02-23 12:01:49",45.068614,7.69259
1645617740,"2022-02-23 12:02:20",45.068343,7.692637
1645617771,"2022-02-23 12:02:51",45.068034,7.693308
1645617806,"2022-02-23 12:03:26",45.067777,7.693809
1645617839,"2022-02-23 12:03:59",45.067245,7.693334
1645617900,"2022-02-23 12:05:00",45.068125,7.693298
1645617931,"2022-02-23 12:05:31",45.067203,7.693277
1645618173,"2022-02-23 12:09:33",45.067155,7.692107
1645618211,"2022-02-23 12:10:11",45.06715,7.693462
1645618228,"2022-02-23 12:10:28",45.067391,7.689689
1645618241,"2022-02-23 12:10:41",45.06715,7.693469
1645618309,"2022-02-23 12:11:49",45.066803,7.693052
1645618332,"2022-02-23 12:12:12",45.067149,7.693464
1645618336,"2022-02-23 12:12:16",45.066941,7.693195
1645618372,"2022-02-23 12:12:52",45.067145,7.693464
1645618405,"2022-02-23 12:13:25",45.068016,7.688295
1645618408,"2022-02-23 12:13:28",45.067128,7.693457
1645618982,"2022-02-23 12:23:02",45.066281,7.693867
1645619004,"2022-02-23 12:23:24",45.066005,7.694054
1645619036,"2022-02-23 12:23:56",45.067152,7.693461
1645619066,"2022-02-23 12:24:26",45.065917,7.694232
1645619099,"2022-02-23 12:24:59",45.06716,7.693463
1645619145,"2022-02-23 12:25:45",45.066481,7.693388
1645619160,"2022-02-23 12:26:00",45.067108,7.693453
1645619227,"2022-02-23 12:27:07",45.066653,7.693649
1645619253,"2022-02-23 12:27:33",45.067153,7.693466
1645619267,"2022-02-23 12:27:47",45.066822,7.693253
1645619285,"2022-02-23 12:28:05",45.067153,7.693458
1645619471,"2022-02-23 12:31:11",45.066975,7.691257
1645619514,"2022-02-23 12:31:54",45.06715,7.693457
1645619530,"2022-02-23 12:32:10",45.067126,7.693062
1645619545,"2022-02-23 12:32:25",45.06715,7.69345
1645620390,"2022-02-23 12:46:30",45.067336,7.693802
1645620414,"2022-02-23 12:46:54",45.067151,7.693484
1645620506,"2022-02-23 12:48:26",45.067523,7.693469
1645620571,"2022-02-23 12:49:31",45.067942,7.693622
1645620602,"2022-02-23 12:50:02",45.068123,7.693203
1645620633,"2022-02-23 12:50:33",45.068314,7.692708
1645620666,"2022-02-23 12:51:06",45.067717,7.693365
1645620669,"2022-02-23 12:51:09",45.068461,7.692762
1645620697,"2022-02-23 12:51:37",45.067749,7.693292
1645620702,"2022-02-23 12:51:42",45.068735,7.692911
1645620728,"2022-02-23 12:52:08",45.068078,7.693277
1645620737,"2022-02-23 12:52:17",45.068988,7.693231
1645620759,"2022-02-23 12:52:39",45.06837,7.693415
1645620796,"2022-02-23 12:53:16",45.069976,7.69362
1645620820,"2022-02-23 12:53:40",45.068524,7.693362
1645620849,"2022-02-23 12:54:09",45.070672,7.693534
1645620890,"2022-02-23 12:54:50",45.071088,7.693097
1645620921,"2022-02-23 12:55:21",45.070977,7.692664
1645620941,"2022-02-23 12:55:41",45.070553,7.693262
1645620952,"2022-02-23 12:55:52",45.070898,7.692739
1645621011,"2022-02-23 12:56:51",45.070399,7.692961
1645621044,"2022-02-23 12:57:24",45.071019,7.692845
1645621096,"2022-02-23 12:58:16",45.07073,7.692544
1645621140,"2022-02-23 12:59:00",45.071042,7.692838
1645621166,"2022-02-23 12:59:26",45.070859,7.691825
1645621171,"2022-02-23 12:59:31",45.07101,7.692795
1645621235,"2022-02-23 13:00:35",45.070534,7.692262
1645621266,"2022-02-23 13:01:06",45.070174,7.692442
1645621615,"2022-02-23 13:06:55",45.070501,7.692441
1645621646,"2022-02-23 13:07:26",45.070777,7.692514
1645621679,"2022-02-23 13:07:59",45.070493,7.692336
1645621708,"2022-02-23 13:08:28",45.070777,7.69231
1645622221,"2022-02-23 13:17:01",45.070481,7.692346
1645622239,"2022-02-23 13:17:19",45.070784,7.6923
1645623387,"2022-02-23 13:36:27",45.070476,7.69232
1645623416,"2022-02-23 13:36:56",45.070847,7.692407
1645624760,"2022-02-23 13:59:20",45.070742,7.692434
1645625753,"2022-02-23 14:15:53",45.070971,7.692157
1645626342,"2022-02-23 14:25:42",45.070676,7.692411
1645627221,"2022-02-23 14:40:21",45.070962,7.692299
1645627560,"2022-02-23 14:46:00",45.070593,7.692107
1645627727,"2022-02-23 14:48:47",45.070731,7.692443
1645633528,"2022-02-23 16:25:28",45.057741,7.680952
1645634770,"2022-02-23 16:46:10",45.058598,7.67964
1645634808,"2022-02-23 16:46:48",45.057736,7.680933
1645636143,"2022-02-23 17:09:03",45.054321,7.6785
1645636198,"2022-02-23 17:09:58",45.057735,7.680931
1645636215,"2022-02-23 17:10:15",45.058602,7.681823
1645636228,"2022-02-23 17:10:28",45.057742,7.680939
1645637096,"2022-02-23 17:24:56",45.058076,7.680326
1645637107,"2022-02-23 17:25:07",45.05775,7.680903
1645637188,"2022-02-23 17:26:28",45.058535,7.682218
1645637199,"2022-02-23 17:26:39",45.057747,7.680944
1645637345,"2022-02-23 17:29:05",45.06019,7.68072
1645637385,"2022-02-23 17:29:45",45.057734,7.680936
1645637458,"2022-02-23 17:30:58",45.058369,7.680021
1645637479,"2022-02-23 17:31:19",45.057736,7.680931
1645639750,"2022-02-23 18:09:10",45.057741,7.680947
1645640024,"2022-02-23 18:13:44",45.057733,7.680923
1645640299,"2022-02-23 18:18:19",45.057748,7.680937
1645640605,"2022-02-23 18:23:25",45.057742,7.680935
1645640908,"2022-02-23 18:28:28",45.05774,7.680926
1645641075,"2022-02-23 18:31:15",45.057827,7.679494
1645641089,"2022-02-23 18:31:29",45.057747,7.680924
1645641153,"2022-02-23 18:32:33",45.055991,7.679096
1645641194,"2022-02-23 18:33:14",45.05774,7.680937
1645641466,"2022-02-23 18:37:46",45.05774,7.680931
1645642023,"2022-02-23 18:47:03",45.057324,7.680653
1645642034,"2022-02-23 18:47:14",45.057738,7.680935
1645642227,"2022-02-23 18:50:27",45.056953,7.6804
1645642290,"2022-02-23 18:51:30",45.057764,7.680833
1645642387,"2022-02-23 18:53:07",45.058522,7.681232
1645642396,"2022-02-23 18:53:16",45.05775,7.680923
1645642687,"2022-02-23 18:58:07",45.06106,7.682539
1645642727,"2022-02-23 18:58:47",45.057745,7.680909
1645643769,"2022-02-23 19:16:09",45.056763,7.681156
1645643782,"2022-02-23 19:16:22",45.057743,7.680929
1645643830,"2022-02-23 19:17:10",45.0571,7.680721
1645643842,"2022-02-23 19:17:22",45.057736,7.680925
1645643948,"2022-02-23 19:19:08",45.05819,7.680507
1645643966,"2022-02-23 19:19:26",45.057738,7.680936
1645644174,"2022-02-23 19:22:54",45.057882,7.680132
1645644206,"2022-02-23 19:23:26",45.05774,7.680932
1645644230,"2022-02-23 19:23:50",45.057447,7.680617
1645644266,"2022-02-23 19:24:26",45.057741,7.680931
1645644286,"2022-02-23 19:24:46",45.058037,7.680729
1645644296,"2022-02-23 19:24:56",45.057741,7.680934
1645644356,"2022-02-23 19:25:56",45.058042,7.680821
1645644387,"2022-02-23 19:26:27",45.057738,7.68094
1645644684,"2022-02-23 19:31:24",45.057552,7.680029
1645644718,"2022-02-23 19:31:58",45.057738,7.680929
1645644882,"2022-02-23 19:34:42",45.057444,7.681119
1645644898,"2022-02-23 19:34:58",45.057736,7.680932
1645645762,"2022-02-23 19:49:22",45.057066,7.681121
1645645822,"2022-02-23 19:50:22",45.057568,7.680585
1645645865,"2022-02-23 19:51:05",45.057739,7.680932
1645646064,"2022-02-23 19:54:24",45.057786,7.68016
1645646077,"2022-02-23 19:54:37",45.05774,7.680909
1645646125,"2022-02-23 19:55:25",45.054913,7.677233
1645646168,"2022-02-23 19:56:08",45.05774,7.680926
1645646311,"2022-02-23 19:58:31",45.057136,7.680734
1645646348,"2022-02-23 19:59:08",45.056813,7.682096
1645646381,"2022-02-23 19:59:41",45.057744,7.680942
1645646390,"2022-02-23 19:59:50",45.055422,7.678052
1645646442,"2022-02-23 20:00:42",45.057741,7.680932
1645646488,"2022-02-23 20:01:28",45.054815,7.67748
1645646532,"2022-02-23 20:02:12",45.057741,7.680939
1645646556,"2022-02-23 20:02:36",45.059606,7.681603
1645646581,"2022-02-23 20:03:01",45.057692,7.680613
1645646631,"2022-02-23 20:03:51",45.057928,7.680803
1645648410,"2022-02-23 20:33:30",45.057743,7.680926
1645648680,"2022-02-23 20:38:00",45.057742,7.68093
1645648951,"2022-02-23 20:42:31",45.057739,7.680932
1645649221,"2022-02-23 20:47:01",45.057744,7.680927
1645649363,"2022-02-23 20:49:23",45.057148,7.680451
1645649400,"2022-02-23 20:50:00",45.057733,7.680923
1645649456,"2022-02-23 20:50:56",45.05755,7.680571
1645649491,"2022-02-23 20:51:31",45.057744,7.680914
1645649538,"2022-02-23 20:52:18",45.057416,7.680704
1645649551,"2022-02-23 20:52:31",45.057733,7.680926
1645649600,"2022-02-23 20:53:20",45.057207,7.680421
1645649612,"2022-02-23 20:53:32",45.05773,7.680907
1645650747,"2022-02-23 21:12:27",45.05604,7.680493
1645650777,"2022-02-23 21:12:57",45.058476,7.681449
1645650810,"2022-02-23 21:13:30",45.0577,7.681987
1645650824,"2022-02-23 21:13:44",45.057833,7.680668
1645650843,"2022-02-23 21:14:03",45.05604,7.680493
1645650876,"2022-02-23 21:14:36",45.057732,7.680917
1645650903,"2022-02-23 21:15:03",45.056813,7.682096
1645650936,"2022-02-23 21:15:36",45.057738,7.680918
1645651123,"2022-02-23 21:18:43",45.057225,7.680801
1645651144,"2022-02-23 21:19:04",45.05604,7.680493
1645651176,"2022-02-23 21:19:36",45.057735,7.680924
1645652026,"2022-02-23 21:33:46",45.057694,7.681311
1645652049,"2022-02-23 21:34:09",45.057734,7.680926
1645652127,"2022-02-23 21:35:27",45.057713,7.681457
1645652142,"2022-02-23 21:35:42",45.057734,7.680932
1645652301,"2022-02-23 21:38:21",45.057733,7.680925
1645655563,"2022-02-23 22:32:43",45.057735,7.680918
1645655833,"2022-02-23 22:37:13",45.057852,7.680469
1645662860,"2022-02-24 00:34:20",45.05815,7.681889
1645662917,"2022-02-24 00:35:17",45.057774,7.680377
1645662971,"2022-02-24 00:36:11",45.057735,7.680922
1645662989,"2022-02-24 00:36:29",45.058265,7.679299
1645663048,"2022-02-24 00:37:28",45.057499,7.680555
1645663061,"2022-02-24 00:37:41",45.057728,7.680912
1645663152,"2022-02-24 00:39:12",45.057737,7.680929
1645677032,"2022-02-24 04:30:32",45.057737,7.680919
1645677065,"2022-02-24 04:31:05",45.058599,7.680584
1645677126,"2022-02-24 04:32:06",45.057596,7.68076
1645677199,"2022-02-24 04:33:19",45.058135,7.681156
1645677239,"2022-02-24 04:33:59",45.05774,7.680918
1645677305,"2022-02-24 04:35:05",45.057661,7.68081
1645677621,"2022-02-24 04:40:21",45.057967,7.681203
1645677630,"2022-02-24 04:40:30",45.057736,7.680935
1645693362,"2022-02-24 09:02:42",45.057741,7.680958
1645693772,"2022-02-24 09:09:32",45.057736,7.68094
1645694250,"2022-02-24 09:17:30",45.057741,7.680953
1645694586,"2022-02-24 09:23:06",45.057731,7.680973
1645695935,"2022-02-24 09:45:35",45.057572,7.680629
1645696099,"2022-02-24 09:48:19",45.057735,7.680934
1645696255,"2022-02-24 09:50:55",45.058352,7.681234
1645696279,"2022-02-24 09:51:19",45.057735,7.68093
1645696449,"2022-02-24 09:54:09",45.058247,7.681308
1645696461,"2022-02-24 09:54:21",45.05774,7.680936
1645696668,"2022-02-24 09:57:48",45.058971,7.682089
1645696702,"2022-02-24 09:58:22",45.05774,7.68091
1645696719,"2022-02-24 09:58:39",45.057647,7.680496
1645696732,"2022-02-24 09:58:52",45.057733,7.680915
1645697423,"2022-02-24 10:10:23",45.058156,7.681076
1645697457,"2022-02-24 10:10:57",45.057737,7.680935
1645697595,"2022-02-24 10:13:15",45.057489,7.681155
1645697606,"2022-02-24 10:13:26",45.057729,7.680938
1645697683,"2022-02-24 10:14:43",45.056747,7.68166
1645697697,"2022-02-24 10:14:57",45.05773,7.680939
1645698066,"2022-02-24 10:21:06",45.049951,7.677461
1645698154,"2022-02-24 10:22:34",45.057731,7.68091
1645698213,"2022-02-24 10:23:33",45.049951,7.677461
1645698465,"2022-02-24 10:27:45",45.061145,7.683481
1645698508,"2022-02-24 10:28:28",45.056907,7.680597
1645698551,"2022-02-24 10:29:11",45.057733,7.680926
1645698558,"2022-02-24 10:29:18",45.057511,7.681253
1645698581,"2022-02-24 10:29:41",45.05774,7.680924
1645698629,"2022-02-24 10:30:29",45.057249,7.680815
1645698641,"2022-02-24 10:30:41",45.057732,7.680905
1645699028,"2022-02-24 10:37:08",45.057453,7.680724
1645699043,"2022-02-24 10:37:23",45.057739,7.680924
1645699157,"2022-02-24 10:39:17",45.057624,7.681283
1645699210,"2022-02-24 10:40:10",45.057735,7.680924
1645699950,"2022-02-24 10:52:30",45.057853,7.680072
1645699963,"2022-02-24 10:52:43",45.05774,7.680911
1645703612,"2022-02-24 11:53:32",45.057745,7.680944
1645703961,"2022-02-24 11:59:21",45.057746,7.680941
1645707269,"2022-02-24 12:54:29",45.057724,7.680932
1645707276,"2022-02-24 12:54:36",45.05761,7.681335
1645707309,"2022-02-24 12:55:09",45.056896,7.683182
1645707342,"2022-02-24 12:55:42",45.057812,7.684674
1645707373,"2022-02-24 12:56:13",45.059439,7.685766
1645707387,"2022-02-24 12:56:27",45.059772,7.686043
1645707468,"2022-02-24 12:57:48",45.060406,7.686506
1645707501,"2022-02-24 12:58:21",45.061591,7.687378
1645707532,"2022-02-24 12:58:52",45.062719,7.687079
1645707564,"2022-02-24 12:59:24",45.064844,7.686519
1645707572,"2022-02-24 12:59:32",45.064486,7.687344
1645707596,"2022-02-24 12:59:56",45.064932,7.687887
1645707625,"2022-02-24 13:00:25",45.065619,7.688313
1645707658,"2022-02-24 13:00:58",45.066933,7.689352
1645707689,"2022-02-24 13:01:29",45.067669,7.689975
1645707721,"2022-02-24 13:02:01",45.06811,7.690152
1645707782,"2022-02-24 13:03:02",45.069344,7.690994
1645707813,"2022-02-24 13:03:33",45.070488,7.691896
1645707818,"2022-02-24 13:03:38",45.070832,7.692074
1645707844,"2022-02-24 13:04:04",45.071395,7.692979
1645707866,"2022-02-24 13:04:26",45.071312,7.692536
1645707937,"2022-02-24 13:05:37",45.07155,7.692772
1645708003,"2022-02-24 13:06:43",45.071051,7.69241
1645708035,"2022-02-24 13:07:15",45.071483,7.692522
1645708101,"2022-02-24 13:08:21",45.071123,7.692397
1645708133,"2022-02-24 13:08:53",45.070907,7.693382
1645708165,"2022-02-24 13:09:25",45.069695,7.694412
1645708195,"2022-02-24 13:09:55",45.069176,7.69535
1645708203,"2022-02-24 13:10:03",45.068772,7.695845
1645708226,"2022-02-24 13:10:26",45.068053,7.696021
1645708257,"2022-02-24 13:10:57",45.067089,7.697293
1645708292,"2022-02-24 13:11:32",45.066265,7.698008
1645708325,"2022-02-24 13:12:05",45.065712,7.698448
1645708359,"2022-02-24 13:12:39",45.064775,7.697788
1645708390,"2022-02-24 13:13:10",45.064049,7.696241
1645708423,"2022-02-24 13:13:43",45.063014,7.698086
1645708456,"2022-02-24 13:14:16",45.061955,7.697546
1645708487,"2022-02-24 13:14:47",45.061822,7.696978
1645708520,"2022-02-24 13:15:20",45.059718,7.695508
1645708553,"2022-02-24 13:15:53",45.058667,7.69431
1645708586,"2022-02-24 13:16:26",45.057974,7.693557
1645708621,"2022-02-24 13:17:01",45.057517,7.693027
1645708653,"2022-02-24 13:17:33",45.05629,7.692207
1645708685,"2022-02-24 13:18:05",45.055221,7.691564
1645708716,"2022-02-24 13:18:36",45.054086,7.691098
1645708750,"2022-02-24 13:19:10",45.053027,7.690027
1645708781,"2022-02-24 13:19:41",45.052276,7.689551
1645708814,"2022-02-24 13:20:14",45.052032,7.690017
1645708847,"2022-02-24 13:20:47",45.053186,7.691379
1645708881,"2022-02-24 13:21:21",45.05288,7.691866
1645708915,"2022-02-24 13:21:55",45.05216,7.691421
1645708981,"2022-02-24 13:23:01",45.052146,7.691939
1645709004,"2022-02-24 13:23:24",45.052014,7.691262
1645709023,"2022-02-24 13:23:43",45.052106,7.691869
1645709055,"2022-02-24 13:24:15",45.052005,7.692493
1645709089,"2022-02-24 13:24:49",45.051804,7.691611
1645709121,"2022-02-24 13:25:21",45.050956,7.692177
1645709155,"2022-02-24 13:25:55",45.051865,7.691448
1645709186,"2022-02-24 13:26:26",45.049655,7.689943
1645709221,"2022-02-24 13:27:01",45.048942,7.690383
1645709252,"2022-02-24 13:27:32",45.048688,7.69016
1645709289,"2022-02-24 13:28:09",45.048948,7.690365
1645709321,"2022-02-24 13:28:41",45.04817,7.690025
1645709352,"2022-02-24 13:29:12",45.047344,7.690676
1645709384,"2022-02-24 13:29:44",45.04865,7.690505
1645709388,"2022-02-24 13:29:48",45.048222,7.691397
1645709419,"2022-02-24 13:30:19",45.047946,7.691825
1645709484,"2022-02-24 13:31:24",45.047832,7.692266
1645709517,"2022-02-24 13:31:57",45.047822,7.693189
1645709552,"2022-02-24 13:32:32",45.04795,7.693656
1645709583,"2022-02-24 13:33:03",45.047682,7.693496
1645709620,"2022-02-24 13:33:40",45.047725,7.694127
1645709685,"2022-02-24 13:34:45",45.047144,7.694077
1645709718,"2022-02-24 13:35:18",45.047671,7.693494
1645709749,"2022-02-24 13:35:49",45.047512,7.693932
1645709785,"2022-02-24 13:36:25",45.045318,7.694282
1645709818,"2022-02-24 13:36:58",45.044972,7.694142
1645709849,"2022-02-24 13:37:29",45.044686,7.694709
1645709855,"2022-02-24 13:37:35",45.044439,7.694346
1645709887,"2022-02-24 13:38:07",45.043739,7.694272
1645709919,"2022-02-24 13:38:39",45.043682,7.694745
1645710085,"2022-02-24 13:41:25",45.043129,7.69647
1645710119,"2022-02-24 13:41:59",45.042624,7.696527
1645710150,"2022-02-24 13:42:30",45.042866,7.696923
1645710187,"2022-02-24 13:43:07",45.042701,7.69645
1645710213,"2022-02-24 13:43:33",45.042909,7.69693
1645710220,"2022-02-24 13:43:40",45.042676,7.696542
1645710245,"2022-02-24 13:44:05",45.043111,7.696933
1645710374,"2022-02-24 13:46:14",45.042856,7.697082
1645710406,"2022-02-24 13:46:46",45.042482,7.699351
1645710475,"2022-02-24 13:47:55",45.042109,7.700419
1645710496,"2022-02-24 13:48:16",45.042048,7.700799
1645710520,"2022-02-24 13:48:40",45.041973,7.701167
1645710561,"2022-02-24 13:49:21",45.041764,7.701429
1645710584,"2022-02-24 13:49:44",45.041506,7.701308
1645710632,"2022-02-24 13:50:32",45.041554,7.701691
1645710651,"2022-02-24 13:50:51",45.041645,7.70206
1645710678,"2022-02-24 13:51:18",45.041605,7.702439
1645710699,"2022-02-24 13:51:39",45.041495,7.702801
1645710724,"2022-02-24 13:52:04",45.041231,7.702885
1645710748,"2022-02-24 13:52:28",45.04096,7.702836
1645710767,"2022-02-24 13:52:47",45.04069,7.702769
1645710786,"2022-02-24 13:53:06",45.040447,7.702603
1645710804,"2022-02-24 13:53:24",45.040547,7.703005
1645710863,"2022-02-24 13:54:23",45.040616,7.704624
1645710868,"2022-02-24 13:54:28",45.040555,7.703907
1645710895,"2022-02-24 13:54:55",45.040622,7.704629
1645710900,"2022-02-24 13:55:00",45.040985,7.704663
1645710932,"2022-02-24 13:55:32",45.041154,7.705628
1645710965,"2022-02-24 13:56:05",45.041105,7.706808
1645710996,"2022-02-24 13:56:36",45.040956,7.705673
1645711030,"2022-02-24 13:57:10",45.040924,7.706151
1645711061,"2022-02-24 13:57:41",45.040892,7.706682
1645711095,"2022-02-24 13:58:15",45.040875,7.707126
1645711128,"2022-02-24 13:58:48",45.040643,7.707485
1645711161,"2022-02-24 13:59:21",45.039286,7.709741
1645711194,"2022-02-24 13:59:54",45.038858,7.71083
1645711227,"2022-02-24 14:00:27",45.038715,7.71138
1645711292,"2022-02-24 14:01:32",45.038427,7.711778
1645711424,"2022-02-24 14:03:44",45.037371,7.713787
1645711455,"2022-02-24 14:04:15",45.036873,7.713724
1645711522,"2022-02-24 14:05:22",45.036465,7.712745
1645711553,"2022-02-24 14:05:53",45.036242,7.712088
1645711559,"2022-02-24 14:05:59",45.036258,7.712565
1645711625,"2022-02-24 14:07:05",45.036014,7.712961
1645711688,"2022-02-24 14:08:08",45.035967,7.713403
1645711724,"2022-02-24 14:08:44",45.035219,7.715028
1645711756,"2022-02-24 14:09:16",45.035307,7.715934
1645711789,"2022-02-24 14:09:49",45.035604,7.716801
1645711854,"2022-02-24 14:10:54",45.035572,7.717424
1645711957,"2022-02-24 14:12:37",45.03558,7.71788
1645712057,"2022-02-24 14:14:17",45.03556,7.718293
1645712123,"2022-02-24 14:15:23",45.035427,7.71895
1645712157,"2022-02-24 14:15:57",45.035414,7.719413
1645712189,"2022-02-24 14:16:29",45.035384,7.719899
1645712222,"2022-02-24 14:17:02",45.03538,7.72032
1645712287,"2022-02-24 14:18:07",45.034015,7.723313
1645712320,"2022-02-24 14:18:40",45.033587,7.723605
1645712352,"2022-02-24 14:19:12",45.033273,7.72389
1645712521,"2022-02-24 14:22:01",45.033033,7.724247
1645712603,"2022-02-24 14:23:23",45.032989,7.724119
1645712845,"2022-02-24 14:27:25",45.103463,7.74326
1645712977,"2022-02-24 14:29:37",45.032055,7.722999
1645713067,"2022-02-24 14:31:07",45.032015,7.722561
1645713101,"2022-02-24 14:31:41",45.032071,7.722142
1645713201,"2022-02-24 14:33:21",45.032038,7.721644
1645713329,"2022-02-24 14:35:29",45.031821,7.721331
1645713427,"2022-02-24 14:37:07",45.031622,7.72082
1645713552,"2022-02-24 14:39:12",45.031422,7.721089
1645713584,"2022-02-24 14:39:44",45.031157,7.721203
1645713818,"2022-02-24 14:43:38",45.031544,7.721366
1645713828,"2022-02-24 14:43:48",45.031253,7.721364
1645713979,"2022-02-24 14:46:19",45.030998,7.721216
1645713991,"2022-02-24 14:46:31",45.031277,7.721228
1645714601,"2022-02-24 14:56:41",45.030477,7.72353
1645714634,"2022-02-24 14:57:14",45.030014,7.723135
1645714667,"2022-02-24 14:57:47",45.029449,7.717824
1645714698,"2022-02-24 14:58:18",45.02955,7.71744
1645714702,"2022-02-24 14:58:22",45.028611,7.713033
1645714735,"2022-02-24 14:58:55",45.028709,7.712431
1645715100,"2022-02-24 15:05:00",45.028836,7.711008
1645715132,"2022-02-24 15:05:32",45.02924,7.709852
1645715157,"2022-02-24 15:05:57",45.030224,7.709442
1645715225,"2022-02-24 15:07:05",45.029045,7.709318
1645715257,"2022-02-24 15:07:37",45.027774,7.710378
1645715290,"2022-02-24 15:08:10",45.026774,7.71098
1645715322,"2022-02-24 15:08:42",45.025759,7.710692
1645715354,"2022-02-24 15:09:14",45.024898,7.711809
1645715386,"2022-02-24 15:09:46",45.024965,7.713645
1645715417,"2022-02-24 15:10:17",45.025374,7.71551
1645715450,"2022-02-24 15:10:50",45.025985,7.716708
1645715481,"2022-02-24 15:11:21",45.025876,7.717156
1645715485,"2022-02-24 15:11:25",45.025563,7.718972
1645715518,"2022-02-24 15:11:58",45.024384,7.720113
1645715551,"2022-02-24 15:12:31",45.023914,7.72188
1645715582,"2022-02-24 15:13:02",45.023934,7.722985
1645715613,"2022-02-24 15:13:33",45.023362,7.723191
1645715617,"2022-02-24 15:13:37",45.022949,7.722665
1645715646,"2022-02-24 15:14:06",45.02208,7.722903
1645715682,"2022-02-24 15:14:42",45.022101,7.725825
1645715714,"2022-02-24 15:15:14",45.021432,7.727423
1645715745,"2022-02-24 15:15:45",45.021504,7.729045
1645715778,"2022-02-24 15:16:18",45.021233,7.731352
1645715811,"2022-02-24 15:16:51",45.020331,7.733167
1645715849,"2022-02-24 15:17:29",45.019232,7.734578
1645715881,"2022-02-24 15:18:01",45.020566,7.732597
1645715914,"2022-02-24 15:18:34",45.020157,7.733394
1645715965,"2022-02-24 15:19:25",45.01955,7.734142
1645715997,"2022-02-24 15:19:57",45.018753,7.735259
1645716030,"2022-02-24 15:20:30",45.018345,7.736391
1645716064,"2022-02-24 15:21:04",45.017262,7.737339
1645716096,"2022-02-24 15:21:36",45.016531,7.738653
1645716127,"2022-02-24 15:22:07",45.015628,7.739614
1645716160,"2022-02-24 15:22:40",45.014398,7.74091
1645716194,"2022-02-24 15:23:14",45.01293,7.741305
1645716325,"2022-02-24 15:25:25",45.012621,7.741218
1645716354,"2022-02-24 15:25:54",45.012889,7.741672
1645716356,"2022-02-24 15:25:56",45.010883,7.741125
1645716392,"2022-02-24 15:26:32",45.010317,7.741523
1645716425,"2022-02-24 15:27:05",45.009947,7.741645
1645716457,"2022-02-24 15:27:37",45.008708,7.741931
1645716488,"2022-02-24 15:28:08",45.007591,7.741878
1645716521,"2022-02-24 15:28:41",45.006216,7.741848
1645716553,"2022-02-24 15:29:13",45.004897,7.741755
1645716585,"2022-02-24 15:29:45",45.003462,7.74178
1645716619,"2022-02-24 15:30:19",45.001872,7.741339
1645716650,"2022-02-24 15:30:50",45.000941,7.741883
1645716684,"2022-02-24 15:31:24",45.000108,7.742392
1645716717,"2022-02-24 15:31:57",44.999063,7.742618
1645716750,"2022-02-24 15:32:30",44.997923,7.742848
1645716783,"2022-02-24 15:33:03",44.997185,7.742791
1645716814,"2022-02-24 15:33:34",44.996327,7.743087
1645716846,"2022-02-24 15:34:06",44.99545,7.743281
1645716878,"2022-02-24 15:34:38",44.994442,7.743531
1645716909,"2022-02-24 15:35:09",44.993608,7.7432
1645716940,"2022-02-24 15:35:40",44.992886,7.743027
1645716955,"2022-02-24 15:35:55",44.992239,7.74252
1645716972,"2022-02-24 15:36:12",44.99211,7.741928
1645717005,"2022-02-24 15:36:45",44.991019,7.742297
1645717037,"2022-02-24 15:37:17",44.990142,7.742475
1645717071,"2022-02-24 15:37:51",44.988847,7.742481
1645717102,"2022-02-24 15:38:22",44.988577,7.743566
1645717135,"2022-02-24 15:38:55",44.987373,7.744649
1645717170,"2022-02-24 15:39:30",44.986951,7.745321
1645717202,"2022-02-24 15:40:02",44.986481,7.74641
1645717235,"2022-02-24 15:40:35",44.985907,7.747802
1645717266,"2022-02-24 15:41:06",44.98599,7.749333
1645717299,"2022-02-24 15:41:39",44.986209,7.749569
1645717333,"2022-02-24 15:42:13",44.985591,7.750413
1645717531,"2022-02-24 15:45:31",44.985394,7.750077
1645717562,"2022-02-24 15:46:02",44.985698,7.750021
1645717595,"2022-02-24 15:46:35",44.985377,7.750005
1645717662,"2022-02-24 15:47:42",44.985299,7.749638
1645717678,"2022-02-24 15:47:58",44.985114,7.749304
1645717681,"2022-02-24 15:48:01",44.984931,7.74887
1645717762,"2022-02-24 15:49:22",44.985181,7.748724
1645717941,"2022-02-24 15:52:21",44.984919,7.748622
