timestamp,"date (UTC)","NO2 (ppb)","VOC (ppb)","pm 10 (ug/m3)","pm 2.5 (ug/m3)","NO2 (Plume AQI)","VOC (Plume AQI)","pm 10 (Plume AQI)","pm 2.5 (Plume AQI)"
1649773839,"2022-04-12 14:30:39",0,147,19.781363,3.302714,0,12,20,7
1649773899,"2022-04-12 14:31:39",0,121,22.97749,3.86186,0,10,23,8
1649773959,"2022-04-12 14:32:39",0,116,20.037506,2.751194,0,9,20,6
1649774019,"2022-04-12 14:33:39",0,112,20.767773,3.556336,0,9,21,7
1649774079,"2022-04-12 14:34:39",0,112,21.360723,3.6380212,0,9,21,7
1649774139,"2022-04-12 14:35:39",0,110,21.779144,2.2213235,0,9,22,4
1649774199,"2022-04-12 14:36:39",0,111,3.2213235,1,0,9,3,2
1649774259,"2022-04-12 14:37:39",0,114,20.56331,3.41582,0,9,21,7
1649774319,"2022-04-12 14:38:39",0,114,17.502558,2.6725583,0,9,18,5
1649774379,"2022-04-12 14:39:39",0,115,3.6725583,1,0,9,4,2
1649774439,"2022-04-12 14:40:39",0,117,2,1,0,9,2,2
1649774499,"2022-04-12 14:41:39",0,118,2,1,0,9,2,2
1649774559,"2022-04-12 14:42:39",0,120,2,1,0,10,2,2
1649774619,"2022-04-12 14:43:39",0,124,18.178133,2.24279,0,10,18,4
1649774679,"2022-04-12 14:44:39",0,127,29.12738,3.6938858,0,10,29,7
1649774739,"2022-04-12 14:45:39",0,129,4.693886,1,0,10,5,2
1649774799,"2022-04-12 14:46:39",0,133,2,1,0,11,2,2
1649774859,"2022-04-12 14:47:39",0,134,2,1,0,11,2,2
1649774919,"2022-04-12 14:48:39",0,137,21.897358,4.0729103,0,11,22,8
1649774979,"2022-04-12 14:49:39",0,139,27.047874,3.6423779,0,11,27,7
1649775039,"2022-04-12 14:50:39",0,143,4.642378,1,0,11,5,2
1649775099,"2022-04-12 14:51:39",0,148,23.042442,3.8278077,0,12,23,8
1649775159,"2022-04-12 14:52:39",0,150,17.945007,1.9709586,0,12,18,4
1649775219,"2022-04-12 14:53:39",0,154,2.9709587,1,0,12,3,2
1649775279,"2022-04-12 14:54:39",0,154,2,1,0,12,2,2
1649775339,"2022-04-12 14:55:39",0,158,2,1,0,13,2,2
1649775399,"2022-04-12 14:56:39",0,159,2,1,0,13,2,2
1649775459,"2022-04-12 14:57:39",0,160,2,1,0,13,2,2
1649775519,"2022-04-12 14:58:39",0,161,2,1,0,13,2,2
1649775579,"2022-04-12 14:59:39",0,160,2,1,0,13,2,2
1649775639,"2022-04-12 15:00:39",0,164,18.625124,1.7930492,0,13,19,4
1649775699,"2022-04-12 15:01:39",0,163,19.545544,3.3767653,0,13,20,7
1649775759,"2022-04-12 15:02:39",0,160,4.3767653,1,0,13,4,2
1649775819,"2022-04-12 15:03:39",0,162,2,1,0,13,2,2
1649775879,"2022-04-12 15:04:39",0,164,2,1,0,13,2,2
1649775939,"2022-04-12 15:05:39",0,165,2,1,0,13,2,2
1649775999,"2022-04-12 15:06:39",0,163,2,1,0,13,2,2
1649776059,"2022-04-12 15:07:39",0,164,2,1,0,13,2,2
1649776119,"2022-04-12 15:08:39",0,163,2,1,0,13,2,2
1649776179,"2022-04-12 15:09:39",0,165,2,1,0,13,2,2
1649776239,"2022-04-12 15:10:39",0,164,2,1,0,13,2,2
1649776299,"2022-04-12 15:11:39",0,162,2,1,0,13,2,2
1649776359,"2022-04-12 15:12:39",0,162,2,1,0,13,2,2
1649776419,"2022-04-12 15:13:39",0,163,26.32636,4.335863,0,13,26,9
1649776479,"2022-04-12 15:14:39",0,165,19.39573,2.2560265,0,13,19,5
1649776539,"2022-04-12 15:15:39",0,163,3.2560265,1,0,13,3,2
1649776599,"2022-04-12 15:16:39",0,163,13.822455,1.1138313,0,13,14,2
1649776659,"2022-04-12 15:17:39",0,161,2.1138313,1,0,13,2,2
1649776719,"2022-04-12 15:18:39",0,165,2,1,0,13,2,2
1649776779,"2022-04-12 15:19:39",0,163,2,1,0,13,2,2
1649776839,"2022-04-12 15:20:39",0,162,2,1,0,13,2,2
1649776899,"2022-04-12 15:21:39",0,161,2,1,0,13,2,2
1649776959,"2022-04-12 15:22:39",0,160,16.446224,3.085465,0,13,16,6
1649777019,"2022-04-12 15:23:39",0,161,4.085465,1,0,13,4,2
1649777079,"2022-04-12 15:24:39",0,162,2,1,0,13,2,2
1649777139,"2022-04-12 15:25:39",0,161,7.434256,1.1239117,0,13,7,2
1649777199,"2022-04-12 15:26:39",0,161,2.1239119,1,0,13,2,2
1649777259,"2022-04-12 15:27:39",0,161,2,1,0,13,2,2
1649777319,"2022-04-12 15:28:39",0,161,2,1,0,13,2,2
1649777379,"2022-04-12 15:29:39",0,160,2,1,0,13,2,2
1649777439,"2022-04-12 15:30:39",0,161,20.184042,2.4211667,0,13,20,5
1649777499,"2022-04-12 15:31:39",1,159,20.810345,2.0154152,1,13,21,4
1649777559,"2022-04-12 15:32:39",1,159,3.0154152,1,1,13,3,2
1649777619,"2022-04-12 15:33:39",2,160,2,1,2,13,2,2
1649777679,"2022-04-12 15:34:39",2,159,2,1,2,13,2,2
1649777739,"2022-04-12 15:35:39",2,159,15.3411455,2.0113473,2,13,15,4
1649777799,"2022-04-12 15:36:39",2,160,29.903473,4.8198643,2,13,30,10
1649777859,"2022-04-12 15:37:39",2,160,14.7949705,1,2,13,15,2
1649777919,"2022-04-12 15:38:39",3,158,2,1,3,13,2,2
1649777979,"2022-04-12 15:39:39",3,159,2,1,3,13,2,2
1649778039,"2022-04-12 15:40:39",4,157,2,1,3,13,2,2
1649778099,"2022-04-12 15:41:39",4,157,2,1,4,13,2,2
1649778159,"2022-04-12 15:42:39",4,158,2,1,4,13,2,2
1649778219,"2022-04-12 15:43:39",4,156,2,1,4,12,2,2
1649778279,"2022-04-12 15:44:39",5,157,2,1,5,13,2,2
1649778339,"2022-04-12 15:45:39",5,156,17.174004,1.9908565,5,12,17,4
1649778399,"2022-04-12 15:46:39",5,157,2.9908566,1,5,13,3,2
1649778459,"2022-04-12 15:47:39",5,155,2,1,5,12,2,2
1649778519,"2022-04-12 15:48:39",6,156,14.536628,2.4377737,5,12,15,5
1649778579,"2022-04-12 15:49:39",6,154,3.4377737,1,6,12,3,2
1649778639,"2022-04-12 15:50:39",6,157,25.322582,2.3794913,6,13,25,5
1649778699,"2022-04-12 15:51:39",7,156,3.3794913,1,6,12,3,2
1649778759,"2022-04-12 15:52:39",6,155,2,1,6,12,2,2
1649778819,"2022-04-12 15:53:39",6,155,2,1,6,12,2,2
1649778879,"2022-04-12 15:54:39",7,155,2,1,7,12,2,2
1649778939,"2022-04-12 15:55:39",7,157,2,1,7,13,2,2
1649778999,"2022-04-12 15:56:39",8,157,2,1,7,13,2,2
1649779059,"2022-04-12 15:57:39",8,156,2,1,7,12,2,2
1649779119,"2022-04-12 15:58:39",8,155,12.717349,2.0334218,8,12,13,4
1649779179,"2022-04-12 15:59:39",8,157,3.0334218,1,8,13,3,2
1649779239,"2022-04-12 16:00:39",8,154,2,1,8,12,2,2
1649779299,"2022-04-12 16:01:39",8,159,2,1,8,13,2,2
1649779359,"2022-04-12 16:02:39",9,158,2,1,8,13,2,2
1649779419,"2022-04-12 16:03:39",9,156,2,1,8,12,2,2
1649779479,"2022-04-12 16:04:39",9,155,2,1,8,12,2,2
1649779539,"2022-04-12 16:05:39",9,154,2,1,9,12,2,2
1649779599,"2022-04-12 16:06:39",9,152,2,1,9,12,2,2
1649779659,"2022-04-12 16:07:39",10,154,2,1,9,12,2,2
1649779719,"2022-04-12 16:08:39",10,152,2,1,9,12,2,2
1649779779,"2022-04-12 16:09:39",10,154,2,1,10,12,2,2
1649779839,"2022-04-12 16:10:39",11,152,2,1,10,12,2,2
1649779899,"2022-04-12 16:11:39",10,153,2,1,10,12,2,2
1649779959,"2022-04-12 16:12:39",10,152,2,1,10,12,2,2
1649780019,"2022-04-12 16:13:39",11,152,2,1,10,12,2,2
1649780079,"2022-04-12 16:14:39",11,153,2,1,10,12,2,2
1649780139,"2022-04-12 16:15:39",11,153,2,1,10,12,2,2
1649780199,"2022-04-12 16:16:39",11,155,2,1,10,12,2,2
1649780259,"2022-04-12 16:17:39",11,154,2,1,11,12,2,2
1649780319,"2022-04-12 16:18:39",11,155,2,1,10,12,2,2
1649780379,"2022-04-12 16:19:39",11,156,2,1,10,12,2,2
1649780439,"2022-04-12 16:20:39",11,157,2,1,11,13,2,2
1649780499,"2022-04-12 16:21:39",11,157,2,1,10,13,2,2
1649780559,"2022-04-12 16:22:39",11,158,2,1,10,13,2,2
1649780619,"2022-04-12 16:23:39",11,155,11.83879,1.4489051,11,12,12,3
1649780679,"2022-04-12 16:24:39",11,157,19.936869,6.8460965,11,13,20,14
1649780739,"2022-04-12 16:25:39",12,157,7.8460965,1,11,13,8,2
1649780799,"2022-04-12 16:26:39",12,158,18.201965,2.2881808,11,13,18,5
1649780859,"2022-04-12 16:27:39",12,156,3.2881808,1,11,12,3,2
1649780919,"2022-04-12 16:28:39",12,157,2,1,11,13,2,2
1649780979,"2022-04-12 16:29:39",12,159,2,1,11,13,2,2
1649781039,"2022-04-12 16:30:39",12,158,2,1,12,13,2,2
1649781099,"2022-04-12 16:31:39",12,159,2,1,12,13,2,2
1649781159,"2022-04-12 16:32:39",12,160,2,1,12,13,2,2
1649781219,"2022-04-12 16:33:39",12,158,2,1,12,13,2,2
1649781279,"2022-04-12 16:34:39",12,161,2,1,12,13,2,2
1649781339,"2022-04-12 16:35:39",12,160,2,1,12,13,2,2
1649781399,"2022-04-12 16:36:39",13,160,2,1,12,13,2,2
1649781459,"2022-04-12 16:37:39",12,161,2,1,12,13,2,2
1649781519,"2022-04-12 16:38:39",13,160,2,1,12,13,2,2
1649781579,"2022-04-12 16:39:39",13,160,2,1,12,13,2,2
1649781639,"2022-04-12 16:40:39",13,164,2,1,12,13,2,2
1649781699,"2022-04-12 16:41:39",13,161,2,1,12,13,2,2
1649781759,"2022-04-12 16:42:39",13,159,2,1,12,13,2,2
1649781819,"2022-04-12 16:43:39",13,159,2,1,12,13,2,2
1649781879,"2022-04-12 16:44:39",13,161,2,1,12,13,2,2
1649781939,"2022-04-12 16:45:39",13,161,2,1,12,13,2,2
1649781999,"2022-04-12 16:46:39",13,161,2,1,12,13,2,2
1649782059,"2022-04-12 16:47:39",13,160,2,1,12,13,2,2
1649782119,"2022-04-12 16:48:39",13,162,2,1,12,13,2,2
1649782179,"2022-04-12 16:49:39",13,160,2,1,12,13,2,2
1649782239,"2022-04-12 16:50:39",13,164,2,1,12,13,2,2
1649782299,"2022-04-12 16:51:39",13,162,2,1,12,13,2,2
1649782359,"2022-04-12 16:52:39",13,162,2,1,12,13,2,2
1649782419,"2022-04-12 16:53:39",13,158,2,1,12,13,2,2
1649782479,"2022-04-12 16:54:39",13,160,16.74768,1,13,13,17,2
1649782539,"2022-04-12 16:55:39",13,160,2,1,12,13,2,2
1649782599,"2022-04-12 16:56:39",13,162,2,1,12,13,2,2
1649782659,"2022-04-12 16:57:39",13,162,2,1,13,13,2,2
1649782719,"2022-04-12 16:58:39",13,161,2,1,13,13,2,2
1649782779,"2022-04-12 16:59:39",13,163,2,1,12,13,2,2
1649782839,"2022-04-12 17:00:39",14,163,2,1,13,13,2,2
1649782899,"2022-04-12 17:01:39",13,164,2,1,13,13,2,2
1649782959,"2022-04-12 17:02:39",13,163,2,1,13,13,2,2
1649783019,"2022-04-12 17:03:39",14,162,2,1,13,13,2,2
1649783079,"2022-04-12 17:04:39",13,161,2,1,13,13,2,2
1649783139,"2022-04-12 17:05:39",14,162,2,1,13,13,2,2
1649783199,"2022-04-12 17:06:39",14,162,2,1,13,13,2,2
1649783259,"2022-04-12 17:07:39",14,161,2,1,13,13,2,2
1649783319,"2022-04-12 17:08:39",14,162,2,1,13,13,2,2
1649783379,"2022-04-12 17:09:39",14,161,2,1,13,13,2,2
1649783439,"2022-04-12 17:10:39",14,163,2,1,13,13,2,2
1649783499,"2022-04-12 17:11:39",14,162,2,1,13,13,2,2
1649783559,"2022-04-12 17:12:39",14,167,2,1,13,13,2,2
1649783619,"2022-04-12 17:13:39",13,162,2,1,13,13,2,2
1649783679,"2022-04-12 17:14:39",14,164,2,1,13,13,2,2
1649783739,"2022-04-12 17:15:39",14,162,2,1,13,13,2,2
1649783799,"2022-04-12 17:16:39",14,165,2,1,13,13,2,2
1649783859,"2022-04-12 17:17:39",14,163,2,1,13,13,2,2
1649783919,"2022-04-12 17:18:39",13,162,2,1,13,13,2,2
1649783979,"2022-04-12 17:19:39",14,163,2,1,13,13,2,2
1649784039,"2022-04-12 17:20:39",14,163,2,1,13,13,2,2
1649784099,"2022-04-12 17:21:39",14,164,2,1,13,13,2,2
1649784159,"2022-04-12 17:22:39",14,163,2,1,13,13,2,2
1649784219,"2022-04-12 17:23:39",14,162,2,1,13,13,2,2
1649784279,"2022-04-12 17:24:39",14,164,2,1,13,13,2,2
1649784339,"2022-04-12 17:25:39",14,163,2,1,13,13,2,2
1649784399,"2022-04-12 17:26:39",14,164,2,1,13,13,2,2
1649784459,"2022-04-12 17:27:39",14,163,2,1,13,13,2,2
1649784519,"2022-04-12 17:28:39",14,163,2,1,13,13,2,2
1649784579,"2022-04-12 17:29:39",14,161,2,1,13,13,2,2
1649784639,"2022-04-12 17:30:39",14,163,2,1,13,13,2,2
1649784699,"2022-04-12 17:31:39",14,162,2,1,13,13,2,2
1649784759,"2022-04-12 17:32:39",14,161,2,1,13,13,2,2
1649784819,"2022-04-12 17:33:39",14,162,2,1,13,13,2,2
1649784879,"2022-04-12 17:34:39",14,162,2,1,13,13,2,2
1649784939,"2022-04-12 17:35:39",14,162,2,1,13,13,2,2
1649784999,"2022-04-12 17:36:39",14,163,2,1,13,13,2,2
1649785059,"2022-04-12 17:37:39",14,161,2,1,13,13,2,2
1649785119,"2022-04-12 17:38:39",14,163,2,1,13,13,2,2
1649785179,"2022-04-12 17:39:39",14,161,2,1,13,13,2,2
1649785239,"2022-04-12 17:40:39",14,163,2,1,13,13,2,2
1649785299,"2022-04-12 17:41:39",15,162,2,1,14,13,2,2
1649785359,"2022-04-12 17:42:39",14,163,2,1,13,13,2,2
1649785419,"2022-04-12 17:43:39",14,163,2,1,13,13,2,2
1649785479,"2022-04-12 17:44:39",14,163,2,1,13,13,2,2
1649785539,"2022-04-12 17:45:39",14,163,2,1,13,13,2,2
1649785599,"2022-04-12 17:46:39",15,161,18.531664,3.0411706,14,13,19,6
1649785659,"2022-04-12 17:47:39",15,161,4.0411706,1,14,13,4,2
1649785719,"2022-04-12 17:48:39",15,164,2,1,14,13,2,2
1649785779,"2022-04-12 17:49:39",15,162,2,1,14,13,2,2
1649785839,"2022-04-12 17:50:39",15,161,2,1,14,13,2,2
1649785899,"2022-04-12 17:51:39",15,161,2,1,14,13,2,2
1649785959,"2022-04-12 17:52:39",15,163,2,1,14,13,2,2
1649786019,"2022-04-12 17:53:39",15,161,2,1,14,13,2,2
1649786079,"2022-04-12 17:54:39",15,164,2,1,14,13,2,2
1649786139,"2022-04-12 17:55:39",14,162,2,1,13,13,2,2
1649786199,"2022-04-12 17:56:39",15,161,2,1,14,13,2,2
1649786259,"2022-04-12 17:57:39",15,162,2,1,14,13,2,2
1649786319,"2022-04-12 17:58:39",15,161,2,1,14,13,2,2
1649786379,"2022-04-12 17:59:39",15,161,2,1,14,13,2,2
1649786439,"2022-04-12 18:00:39",15,163,2,1,14,13,2,2
1649786499,"2022-04-12 18:01:39",15,164,2,1,14,13,2,2
1649786559,"2022-04-12 18:02:39",15,160,2,1,14,13,2,2
1649786619,"2022-04-12 18:03:39",15,162,2,1,14,13,2,2
1649786679,"2022-04-12 18:04:39",15,161,2,1,14,13,2,2
1649786739,"2022-04-12 18:05:39",15,164,2,1,14,13,2,2
1649786799,"2022-04-12 18:06:39",15,162,2,1,14,13,2,2
1649786859,"2022-04-12 18:07:39",15,165,2,1,14,13,2,2
1649786919,"2022-04-12 18:08:39",15,162,2,1,14,13,2,2
1649786979,"2022-04-12 18:09:39",15,163,2,1,14,13,2,2
1649787039,"2022-04-12 18:10:39",15,160,2,1,14,13,2,2
1649787099,"2022-04-12 18:11:39",15,163,2,1,14,13,2,2
1649787159,"2022-04-12 18:12:39",15,163,2,1,14,13,2,2
1649787219,"2022-04-12 18:13:39",15,165,2,1,14,13,2,2
1649787279,"2022-04-12 18:14:39",15,162,2,1,14,13,2,2
1649787339,"2022-04-12 18:15:39",15,161,2,1,14,13,2,2
1649787399,"2022-04-12 18:16:39",15,161,20.189875,3.5346024,14,13,20,7
1649787459,"2022-04-12 18:17:39",15,162,4.534602,1,14,13,5,2
1649787519,"2022-04-12 18:18:39",15,160,2,1,14,13,2,2
1649787579,"2022-04-12 18:19:39",15,164,2,1,14,13,2,2
1649787639,"2022-04-12 18:20:39",15,163,2,1,14,13,2,2
1649787699,"2022-04-12 18:21:39",15,162,2,1,14,13,2,2
1649787759,"2022-04-12 18:22:39",15,162,2,1,14,13,2,2
1649787819,"2022-04-12 18:23:39",15,163,2,1,14,13,2,2
1649787879,"2022-04-12 18:24:39",15,164,2,1,14,13,2,2
1649787939,"2022-04-12 18:25:39",15,163,2,1,14,13,2,2
1649787999,"2022-04-12 18:26:39",15,164,2,1,14,13,2,2
1649788059,"2022-04-12 18:27:39",15,162,2,1,14,13,2,2
1649788119,"2022-04-12 18:28:39",16,162,2,1,15,13,2,2
1649788179,"2022-04-12 18:29:39",15,163,2,1,14,13,2,2
1649788239,"2022-04-12 18:30:39",15,161,2,1,14,13,2,2
1649788299,"2022-04-12 18:31:39",16,162,2,1,15,13,2,2
1649788359,"2022-04-12 18:32:39",15,159,8.474367,1,14,13,8,2
1649788419,"2022-04-12 18:33:39",16,161,2,1,15,13,2,2
1649788479,"2022-04-12 18:34:39",15,161,2,1,14,13,2,2
1649788539,"2022-04-12 18:35:39",15,160,2,1,14,13,2,2
1649788599,"2022-04-12 18:36:39",16,162,2,1,15,13,2,2
1649788659,"2022-04-12 18:37:39",16,162,2,1,15,13,2,2
1649788719,"2022-04-12 18:38:39",16,161,2,1,15,13,2,2
1649788779,"2022-04-12 18:39:39",15,162,2,1,14,13,2,2
1649788839,"2022-04-12 18:40:39",15,162,2,1,14,13,2,2
1649788899,"2022-04-12 18:41:39",16,162,2,1,15,13,2,2
1649788959,"2022-04-12 18:42:39",16,164,2,1,15,13,2,2
1649789019,"2022-04-12 18:43:39",15,163,2,1,14,13,2,2
1649789079,"2022-04-12 18:44:39",15,160,2,1,14,13,2,2
1649789139,"2022-04-12 18:45:39",16,163,2,1,15,13,2,2
1649789199,"2022-04-12 18:46:39",15,163,2,1,14,13,2,2
1649789259,"2022-04-12 18:47:39",16,163,2,1,15,13,2,2
1649789319,"2022-04-12 18:48:39",16,162,2,1,15,13,2,2
1649789379,"2022-04-12 18:49:39",16,162,2,1,15,13,2,2
1649789439,"2022-04-12 18:50:39",16,162,2,1,15,13,2,2
1649789499,"2022-04-12 18:51:39",16,165,2,1,15,13,2,2
1649789559,"2022-04-12 18:52:39",16,159,2,1,15,13,2,2
1649789619,"2022-04-12 18:53:39",16,161,2,1,15,13,2,2
1649789679,"2022-04-12 18:54:39",16,162,2,1,15,13,2,2
1649789739,"2022-04-12 18:55:39",16,161,2,1,15,13,2,2
1649789799,"2022-04-12 18:56:39",16,163,2,1,15,13,2,2
1649789859,"2022-04-12 18:57:39",16,162,2,1,15,13,2,2
1649789919,"2022-04-12 18:58:39",16,162,2,1,15,13,2,2
1649789979,"2022-04-12 18:59:39",16,161,2,1,15,13,2,2
1649790039,"2022-04-12 19:00:39",16,159,2,1,15,13,2,2
1649790099,"2022-04-12 19:01:39",16,161,2,1,15,13,2,2
1649790159,"2022-04-12 19:02:39",16,163,8.7897415,1,15,13,9,2
1649790219,"2022-04-12 19:03:39",16,162,2,1,15,13,2,2
1649790279,"2022-04-12 19:04:39",16,163,2,1,15,13,2,2
1649790339,"2022-04-12 19:05:39",16,163,2,1,15,13,2,2
1649790399,"2022-04-12 19:06:39",16,163,2,1,15,13,2,2
1649790459,"2022-04-12 19:07:39",16,162,2,1,15,13,2,2
1649790519,"2022-04-12 19:08:39",16,163,2,1,15,13,2,2
1649790579,"2022-04-12 19:09:39",16,162,2,1,15,13,2,2
1649790639,"2022-04-12 19:10:39",16,162,2,1,15,13,2,2
1649790699,"2022-04-12 19:11:39",16,161,2,1,15,13,2,2
1649790759,"2022-04-12 19:12:39",17,162,2,1,16,13,2,2
1649790819,"2022-04-12 19:13:39",16,163,2,1,15,13,2,2
1649790879,"2022-04-12 19:14:39",16,162,2,1,15,13,2,2
1649790939,"2022-04-12 19:15:39",16,163,2,1,15,13,2,2
1649790999,"2022-04-12 19:16:39",16,163,2,1,15,13,2,2
1649791059,"2022-04-12 19:17:39",16,162,2,1,15,13,2,2
1649791119,"2022-04-12 19:18:39",17,163,2,1,16,13,2,2
1649791179,"2022-04-12 19:19:39",16,162,2,1,15,13,2,2
1649791239,"2022-04-12 19:20:39",17,161,2,1,16,13,2,2
1649791299,"2022-04-12 19:21:39",16,162,2,1,15,13,2,2
1649791359,"2022-04-12 19:22:39",17,163,2,1,16,13,2,2
1649791419,"2022-04-12 19:23:39",16,163,2,1,15,13,2,2
1649791479,"2022-04-12 19:24:39",17,161,2,1,16,13,2,2
1649791539,"2022-04-12 19:25:39",17,163,2,1,16,13,2,2
1649791599,"2022-04-12 19:26:39",16,163,2,1,15,13,2,2
1649791659,"2022-04-12 19:27:39",17,164,2,1,16,13,2,2
1649791719,"2022-04-12 19:28:39",17,163,2,1,16,13,2,2
1649791779,"2022-04-12 19:29:39",17,162,2,1,16,13,2,2
1649791839,"2022-04-12 19:30:39",17,162,2,1,16,13,2,2
1649791899,"2022-04-12 19:31:39",17,163,2,1,16,13,2,2
1649791959,"2022-04-12 19:32:39",17,160,2,1,16,13,2,2
1649792019,"2022-04-12 19:33:39",17,161,2,1,16,13,2,2
1649792079,"2022-04-12 19:34:39",17,162,2,1,16,13,2,2
1649792139,"2022-04-12 19:35:39",17,163,2,1,16,13,2,2
1649792199,"2022-04-12 19:36:39",17,162,2,1,16,13,2,2
1649792259,"2022-04-12 19:37:39",17,161,2,1,16,13,2,2
1649792319,"2022-04-12 19:38:39",17,163,2,1,16,13,2,2
1649792379,"2022-04-12 19:39:39",17,160,2,1,16,13,2,2
1649792439,"2022-04-12 19:40:39",17,161,2,1,16,13,2,2
1649792499,"2022-04-12 19:41:39",17,165,2,1,16,13,2,2
1649792559,"2022-04-12 19:42:39",17,161,2,1,16,13,2,2
1649792619,"2022-04-12 19:43:39",17,163,2,1,16,13,2,2
1649792679,"2022-04-12 19:44:39",17,163,2,1,16,13,2,2
1649792739,"2022-04-12 19:45:39",17,161,2,1,16,13,2,2
1649792799,"2022-04-12 19:46:39",17,161,2,1,16,13,2,2
1649792859,"2022-04-12 19:47:39",17,164,2,1,16,13,2,2
1649792919,"2022-04-12 19:48:39",17,164,2,1,16,13,2,2
1649792979,"2022-04-12 19:49:39",17,161,2,1,16,13,2,2
1649793039,"2022-04-12 19:50:39",17,161,2,1,16,13,2,2
1649793099,"2022-04-12 19:51:39",17,164,2,1,16,13,2,2
1649793159,"2022-04-12 19:52:39",17,161,2,1,16,13,2,2
1649793219,"2022-04-12 19:53:39",17,161,2,1,16,13,2,2
1649793279,"2022-04-12 19:54:39",17,161,2,1,16,13,2,2
1649793339,"2022-04-12 19:55:39",17,161,2,1,16,13,2,2
1649793399,"2022-04-12 19:56:39",17,160,2,1,16,13,2,2
1649793459,"2022-04-12 19:57:39",17,164,2,1,16,13,2,2
1649793519,"2022-04-12 19:58:39",17,161,2,1,16,13,2,2
1649793579,"2022-04-12 19:59:39",17,160,2,1,16,13,2,2
1649793639,"2022-04-12 20:00:39",17,161,15.442094,2.1941638,16,13,15,4
1649793699,"2022-04-12 20:01:39",17,161,3.1941638,1,16,13,3,2
1649793759,"2022-04-12 20:02:39",17,162,2,1,16,13,2,2
1649793819,"2022-04-12 20:03:39",17,161,2,1,16,13,2,2
1649793879,"2022-04-12 20:04:39",17,163,2,1,16,13,2,2
1649793939,"2022-04-12 20:05:39",18,162,2,1,17,13,2,2
1649793999,"2022-04-12 20:06:39",18,161,2,1,17,13,2,2
1649794059,"2022-04-12 20:07:39",17,160,11.919482,1.8780222,16,13,12,4
1649794119,"2022-04-12 20:08:39",17,163,2.8780222,1,16,13,3,2
1649794179,"2022-04-12 20:09:39",17,162,2,1,16,13,2,2
1649794239,"2022-04-12 20:10:39",17,161,15.0457735,2.0439177,16,13,15,4
1649794299,"2022-04-12 20:11:39",17,163,23.665836,2.308096,16,13,24,5
1649794359,"2022-04-12 20:12:39",17,163,3.308096,1,16,13,3,2
1649794419,"2022-04-12 20:13:39",17,161,2,1,16,13,2,2
1649794479,"2022-04-12 20:14:39",17,162,2,1,16,13,2,2
1649794539,"2022-04-12 20:15:39",17,163,2,1,16,13,2,2
1649794599,"2022-04-12 20:16:39",17,164,2,1,16,13,2,2
1649794659,"2022-04-12 20:17:39",17,163,2,1,16,13,2,2
1649794719,"2022-04-12 20:18:39",17,161,2,1,16,13,2,2
1649794779,"2022-04-12 20:19:39",17,162,2,1,16,13,2,2
1649794839,"2022-04-12 20:20:39",17,162,2,1,16,13,2,2
1649794899,"2022-04-12 20:21:39",18,160,2,1,17,13,2,2
1649794959,"2022-04-12 20:22:39",18,165,2,1,17,13,2,2
1649795019,"2022-04-12 20:23:39",17,163,2,1,16,13,2,2
1649795079,"2022-04-12 20:24:39",17,161,2,1,16,13,2,2
1649795139,"2022-04-12 20:25:39",18,164,2,1,17,13,2,2
1649795199,"2022-04-12 20:26:39",17,163,2,1,16,13,2,2
1649795259,"2022-04-12 20:27:39",17,162,2,1,16,13,2,2
1649795319,"2022-04-12 20:28:39",17,159,2,1,16,13,2,2
1649795379,"2022-04-12 20:29:39",18,160,2,1,17,13,2,2
1649795439,"2022-04-12 20:30:39",18,162,2,1,17,13,2,2
1649795499,"2022-04-12 20:31:39",18,161,2,1,17,13,2,2
1649795559,"2022-04-12 20:32:39",18,161,2,1,17,13,2,2
1649795619,"2022-04-12 20:33:39",18,162,2,1,17,13,2,2
1649795679,"2022-04-12 20:34:39",17,159,2,1,16,13,2,2
1649795739,"2022-04-12 20:35:39",17,161,2,1,16,13,2,2
1649795799,"2022-04-12 20:36:39",18,163,2,1,17,13,2,2
1649795859,"2022-04-12 20:37:39",18,160,2,1,17,13,2,2
1649795919,"2022-04-12 20:38:39",18,161,2,1,17,13,2,2
1649795979,"2022-04-12 20:39:39",18,163,2,1,17,13,2,2
1649796039,"2022-04-12 20:40:39",18,163,2,1,17,13,2,2
1649796099,"2022-04-12 20:41:39",18,162,2,1,17,13,2,2
1649796159,"2022-04-12 20:42:39",18,161,2,1,17,13,2,2
1649796219,"2022-04-12 20:43:39",18,163,2,1,17,13,2,2
1649796279,"2022-04-12 20:44:39",18,162,2,1,17,13,2,2
1649796339,"2022-04-12 20:45:39",18,160,2,1,17,13,2,2
1649796399,"2022-04-12 20:46:39",18,162,2,1,17,13,2,2
1649796459,"2022-04-12 20:47:39",17,162,2,1,16,13,2,2
1649796519,"2022-04-12 20:48:39",18,163,2,1,17,13,2,2
1649796579,"2022-04-12 20:49:39",18,161,5.665029,1,17,13,6,2
1649796639,"2022-04-12 20:50:39",18,163,2,1,17,13,2,2
1649796699,"2022-04-12 20:51:39",18,161,2,1,17,13,2,2
1649796759,"2022-04-12 20:52:39",18,161,2,1,17,13,2,2
1649796819,"2022-04-12 20:53:39",18,162,2,1,17,13,2,2
1649796879,"2022-04-12 20:54:39",18,160,2,1,17,13,2,2
1649796939,"2022-04-12 20:55:39",18,162,2,1,17,13,2,2
1649796999,"2022-04-12 20:56:39",18,161,2,1,17,13,2,2
1649797059,"2022-04-12 20:57:39",18,162,2,1,17,13,2,2
1649797119,"2022-04-12 20:58:39",18,165,2,1,17,13,2,2
1649797179,"2022-04-12 20:59:39",18,159,2,1,17,13,2,2
1649797239,"2022-04-12 21:00:39",18,162,2,1,17,13,2,2
1649797299,"2022-04-12 21:01:39",18,161,2,1,17,13,2,2
1649797359,"2022-04-12 21:02:39",18,161,2,1,17,13,2,2
1649797419,"2022-04-12 21:03:39",18,162,2,1,17,13,2,2
1649797479,"2022-04-12 21:04:39",18,162,2,1,17,13,2,2
1649797539,"2022-04-12 21:05:39",18,160,2,1,17,13,2,2
1649797599,"2022-04-12 21:06:39",18,160,2,1,17,13,2,2
1649797659,"2022-04-12 21:07:39",18,162,2,1,17,13,2,2
1649797719,"2022-04-12 21:08:39",18,162,2,1,17,13,2,2
1649797779,"2022-04-12 21:09:39",18,161,2,1,17,13,2,2
1649797839,"2022-04-12 21:10:39",18,162,2,1,17,13,2,2
1649797899,"2022-04-12 21:11:39",18,160,2,1,17,13,2,2
1649797959,"2022-04-12 21:12:39",18,162,2,1,17,13,2,2
1649798019,"2022-04-12 21:13:39",18,158,2,1,17,13,2,2
1649798079,"2022-04-12 21:14:39",18,162,2,1,17,13,2,2
1649798139,"2022-04-12 21:15:39",18,162,2,1,17,13,2,2
1649798199,"2022-04-12 21:16:39",18,162,2,1,17,13,2,2
1649798259,"2022-04-12 21:17:39",18,163,2,1,17,13,2,2
1649798319,"2022-04-12 21:18:39",18,157,2,1,17,13,2,2
1649798379,"2022-04-12 21:19:39",18,162,2,1,17,13,2,2
1649798439,"2022-04-12 21:20:39",18,164,2,1,17,13,2,2
1649798499,"2022-04-12 21:21:39",18,162,2,1,17,13,2,2
1649798559,"2022-04-12 21:22:39",18,162,2,1,17,13,2,2
1649798619,"2022-04-12 21:23:39",18,160,2,1,17,13,2,2
1649798679,"2022-04-12 21:24:39",18,161,2,1,17,13,2,2
1649798739,"2022-04-12 21:25:39",18,162,2,1,17,13,2,2
1649798799,"2022-04-12 21:26:39",18,161,2,1,17,13,2,2
1649798859,"2022-04-12 21:27:39",18,159,2,1,17,13,2,2
1649798919,"2022-04-12 21:28:39",18,161,2,1,17,13,2,2
1649798979,"2022-04-12 21:29:39",18,162,2,1,17,13,2,2
1649799039,"2022-04-12 21:30:39",18,162,2,1,17,13,2,2
1649799099,"2022-04-12 21:31:39",18,161,2,1,17,13,2,2
1649799159,"2022-04-12 21:32:39",18,161,2,1,17,13,2,2
1649799219,"2022-04-12 21:33:39",18,163,2,1,17,13,2,2
1649799279,"2022-04-12 21:34:39",18,161,2,1,17,13,2,2
1649799339,"2022-04-12 21:35:39",18,159,2,1,17,13,2,2
1649799399,"2022-04-12 21:36:39",18,160,2,1,17,13,2,2
1649799459,"2022-04-12 21:37:39",18,158,2,1,17,13,2,2
1649799519,"2022-04-12 21:38:39",18,163,2,1,17,13,2,2
1649799579,"2022-04-12 21:39:39",18,162,2,1,17,13,2,2
1649799639,"2022-04-12 21:40:39",18,160,2,1,17,13,2,2
1649799699,"2022-04-12 21:41:39",18,161,2,1,17,13,2,2
1649799759,"2022-04-12 21:42:39",18,161,2,1,17,13,2,2
1649799819,"2022-04-12 21:43:39",18,163,2,1,17,13,2,2
1649799879,"2022-04-12 21:44:39",18,163,2,1,17,13,2,2
1649799939,"2022-04-12 21:45:39",18,159,2,1,17,13,2,2
1649799999,"2022-04-12 21:46:39",18,162,2,1,17,13,2,2
1649800059,"2022-04-12 21:47:39",18,161,2,1,17,13,2,2
1649800119,"2022-04-12 21:48:39",18,162,2,1,17,13,2,2
1649800179,"2022-04-12 21:49:39",18,162,2,1,17,13,2,2
1649800239,"2022-04-12 21:50:39",18,163,2,1,17,13,2,2
1649800299,"2022-04-12 21:51:39",18,162,2,1,17,13,2,2
1649800359,"2022-04-12 21:52:39",18,163,2,1,17,13,2,2
1649800419,"2022-04-12 21:53:39",18,164,2,1,17,13,2,2
1649800479,"2022-04-12 21:54:39",18,161,2,1,17,13,2,2
1649800539,"2022-04-12 21:55:39",18,162,2,1,17,13,2,2
1649800599,"2022-04-12 21:56:39",18,163,2,1,17,13,2,2
1649800659,"2022-04-12 21:57:39",18,164,24.145123,4.5057397,17,13,24,9
1649800719,"2022-04-12 21:58:39",18,163,5.5057397,1,17,13,6,2
1649800779,"2022-04-12 21:59:39",18,162,2,1,17,13,2,2
1649800839,"2022-04-12 22:00:39",18,162,26.324827,5.403839,17,13,26,11
1649800899,"2022-04-12 22:01:39",18,163,6.403839,1,17,13,6,2
1649800959,"2022-04-12 22:02:39",18,162,2,1,17,13,2,2
1649801019,"2022-04-12 22:03:39",18,163,2,1,17,13,2,2
1649801079,"2022-04-12 22:04:39",18,161,2,1,17,13,2,2
1649801139,"2022-04-12 22:05:39",18,164,2,1,17,13,2,2
1649801199,"2022-04-12 22:06:39",18,164,2,1,17,13,2,2
1649801259,"2022-04-12 22:07:39",18,162,2,1,17,13,2,2
1649801319,"2022-04-12 22:08:39",18,164,2,1,17,13,2,2
1649801379,"2022-04-12 22:09:39",18,163,2,1,17,13,2,2
1649801439,"2022-04-12 22:10:39",18,164,2,1,17,13,2,2
1649801499,"2022-04-12 22:11:39",18,163,19.459427,1.8932148,17,13,19,4
1649801559,"2022-04-12 22:12:39",18,163,2.8932147,1,17,13,3,2
1649801619,"2022-04-12 22:13:39",18,162,2,1,17,13,2,2
1649801679,"2022-04-12 22:14:39",18,161,2,1,17,13,2,2
1649801739,"2022-04-12 22:15:39",18,164,2,1,17,13,2,2
1649801799,"2022-04-12 22:16:39",18,164,2,1,17,13,2,2
1649801859,"2022-04-12 22:17:39",18,162,2,1,17,13,2,2
1649801919,"2022-04-12 22:18:39",18,163,2,1,17,13,2,2
1649801979,"2022-04-12 22:19:39",18,163,2,1,17,13,2,2
1649802039,"2022-04-12 22:20:39",18,162,2,1,17,13,2,2
1649802099,"2022-04-12 22:21:39",18,163,2,1,17,13,2,2
1649802159,"2022-04-12 22:22:39",18,162,2,1,17,13,2,2
1649802219,"2022-04-12 22:23:39",18,161,2,1,17,13,2,2
1649802279,"2022-04-12 22:24:39",18,162,2,1,17,13,2,2
1649802339,"2022-04-12 22:25:39",18,163,2,1,17,13,2,2
1649802399,"2022-04-12 22:26:39",18,162,2,1,17,13,2,2
1649802459,"2022-04-12 22:27:39",18,164,2,1,17,13,2,2
1649802519,"2022-04-12 22:28:39",18,164,2,1,17,13,2,2
1649802579,"2022-04-12 22:29:39",18,162,2,1,17,13,2,2
1649802639,"2022-04-12 22:30:39",18,164,2,1,17,13,2,2
1649802699,"2022-04-12 22:31:39",18,164,2,1,17,13,2,2
1649802759,"2022-04-12 22:32:39",18,164,2,1,17,13,2,2
1649802819,"2022-04-12 22:33:39",18,162,2,1,17,13,2,2
1649802879,"2022-04-12 22:34:39",18,164,2,1,17,13,2,2
1649802939,"2022-04-12 22:35:39",18,163,2,1,17,13,2,2
1649802999,"2022-04-12 22:36:39",18,163,2,1,17,13,2,2
1649803059,"2022-04-12 22:37:39",18,163,2,1,17,13,2,2
1649803119,"2022-04-12 22:38:39",18,165,2,1,17,13,2,2
1649803179,"2022-04-12 22:39:39",18,163,2,1,17,13,2,2
1649803239,"2022-04-12 22:40:39",18,165,2,1,17,13,2,2
1649803299,"2022-04-12 22:41:39",18,162,2,1,17,13,2,2
1649803359,"2022-04-12 22:42:39",18,163,2,1,17,13,2,2
1649803419,"2022-04-12 22:43:39",18,165,2,1,17,13,2,2
1649803479,"2022-04-12 22:44:39",18,164,2,1,17,13,2,2
1649803539,"2022-04-12 22:45:39",18,163,2,1,17,13,2,2
1649803599,"2022-04-12 22:46:39",18,162,2,1,17,13,2,2
1649803659,"2022-04-12 22:47:39",18,164,2,1,17,13,2,2
1649803719,"2022-04-12 22:48:39",18,163,2,1,17,13,2,2
1649803779,"2022-04-12 22:49:39",18,161,2,1,17,13,2,2
1649803839,"2022-04-12 22:50:39",18,162,2,1,17,13,2,2
1649803899,"2022-04-12 22:51:39",18,163,2,1,17,13,2,2
1649803959,"2022-04-12 22:52:39",18,162,2,1,17,13,2,2
1649804019,"2022-04-12 22:53:39",18,162,2,1,17,13,2,2
1649804079,"2022-04-12 22:54:39",18,164,2,1,17,13,2,2
1649804139,"2022-04-12 22:55:39",18,164,18.843744,1.9093219,17,13,19,4
1649804199,"2022-04-12 22:56:39",18,162,2.9093218,1,17,13,3,2
1649804259,"2022-04-12 22:57:39",18,165,2,1,17,13,2,2
1649804319,"2022-04-12 22:58:39",18,164,2,1,17,13,2,2
1649804379,"2022-04-12 22:59:39",18,163,2,1,17,13,2,2
1649804439,"2022-04-12 23:00:39",18,163,2,1,17,13,2,2
1649804499,"2022-04-12 23:01:39",18,162,2,1,17,13,2,2
1649804559,"2022-04-12 23:02:39",18,163,2,1,17,13,2,2
1649804619,"2022-04-12 23:03:39",18,163,2,1,17,13,2,2
1649804679,"2022-04-12 23:04:39",18,161,2,1,17,13,2,2
1649804739,"2022-04-12 23:05:39",18,162,21.646492,2.676865,17,13,22,5
1649804799,"2022-04-12 23:06:39",18,164,3.676865,1,17,13,4,2
1649804859,"2022-04-12 23:07:39",18,165,2,1,17,13,2,2
1649804919,"2022-04-12 23:08:39",18,161,2,1,17,13,2,2
1649804979,"2022-04-12 23:09:39",18,161,2,1,17,13,2,2
1649805039,"2022-04-12 23:10:39",18,164,2,1,17,13,2,2
1649805099,"2022-04-12 23:11:39",18,165,2,1,17,13,2,2
1649805159,"2022-04-12 23:12:39",18,160,2,1,17,13,2,2
1649805219,"2022-04-12 23:13:39",18,163,2,1,17,13,2,2
1649805279,"2022-04-12 23:14:39",18,160,25.793722,3.033762,17,13,26,6
1649805339,"2022-04-12 23:15:39",18,161,4.033762,1,17,13,4,2
1649805399,"2022-04-12 23:16:39",18,161,2,1,17,13,2,2
1649805459,"2022-04-12 23:17:39",18,162,2,1,17,13,2,2
1649805519,"2022-04-12 23:18:39",18,159,2,1,17,13,2,2
1649805579,"2022-04-12 23:19:39",18,161,2,1,17,13,2,2
1649805639,"2022-04-12 23:20:39",18,161,2,1,17,13,2,2
1649805699,"2022-04-12 23:21:39",18,162,2,1,17,13,2,2
1649805759,"2022-04-12 23:22:39",18,161,2,1,17,13,2,2
1649805819,"2022-04-12 23:23:39",18,162,2,1,17,13,2,2
1649805879,"2022-04-12 23:24:39",18,160,2,1,17,13,2,2
1649805939,"2022-04-12 23:25:39",18,163,2,1,17,13,2,2
1649805999,"2022-04-12 23:26:39",18,160,2,1,17,13,2,2
1649806059,"2022-04-12 23:27:39",18,163,2,1,17,13,2,2
1649806119,"2022-04-12 23:28:39",18,162,2,1,17,13,2,2
1649806179,"2022-04-12 23:29:39",18,160,2,1,17,13,2,2
1649806239,"2022-04-12 23:30:39",18,161,2,1,17,13,2,2
1649806299,"2022-04-12 23:31:39",18,161,2,1,17,13,2,2
1649806359,"2022-04-12 23:32:39",18,163,2,1,17,13,2,2
1649806419,"2022-04-12 23:33:39",18,160,17.908432,2.589813,17,13,18,5
1649806479,"2022-04-12 23:34:39",18,163,3.589813,1,17,13,4,2
1649806539,"2022-04-12 23:35:39",19,162,2,1,18,13,2,2
1649806599,"2022-04-12 23:36:39",18,162,2,1,17,13,2,2
1649806659,"2022-04-12 23:37:39",18,161,2,1,17,13,2,2
1649806719,"2022-04-12 23:38:39",18,160,2,1,17,13,2,2
1649806779,"2022-04-12 23:39:39",18,160,2,1,17,13,2,2
1649806839,"2022-04-12 23:40:39",18,162,2,1,17,13,2,2
1649806899,"2022-04-12 23:41:39",18,163,2,1,17,13,2,2
1649806959,"2022-04-12 23:42:39",18,162,2,1,17,13,2,2
1649807019,"2022-04-12 23:43:39",18,161,2,1,17,13,2,2
1649807079,"2022-04-12 23:44:39",18,161,2,1,17,13,2,2
1649807139,"2022-04-12 23:45:39",18,160,2,1,17,13,2,2
1649807199,"2022-04-12 23:46:39",18,162,11.3497925,1,17,13,11,2
1649807259,"2022-04-12 23:47:39",19,160,2,1,18,13,2,2
1649807319,"2022-04-12 23:48:39",18,161,2,1,17,13,2,2
1649807379,"2022-04-12 23:49:39",19,161,9.958428,1,18,13,10,2
1649807439,"2022-04-12 23:50:39",18,160,2,1,17,13,2,2
1649807499,"2022-04-12 23:51:39",18,161,2,1,17,13,2,2
1649807559,"2022-04-12 23:52:39",18,161,2,1,17,13,2,2
1649807619,"2022-04-12 23:53:39",18,163,2,1,17,13,2,2
1649807679,"2022-04-12 23:54:39",18,162,2,1,17,13,2,2
1649807739,"2022-04-12 23:55:39",19,159,2,1,18,13,2,2
1649807799,"2022-04-12 23:56:39",18,162,2,1,17,13,2,2
1649807859,"2022-04-12 23:57:39",18,160,2,1,17,13,2,2
1649807919,"2022-04-12 23:58:39",18,161,2,1,17,13,2,2
1649807979,"2022-04-12 23:59:39",18,160,2,1,17,13,2,2
1649808039,"2022-04-13 00:00:39",18,162,2,1,17,13,2,2
1649808099,"2022-04-13 00:01:39",18,161,14.275584,1.531441,17,13,14,3
1649808159,"2022-04-13 00:02:39",18,163,2.531441,1,17,13,3,2
1649808219,"2022-04-13 00:03:39",18,162,2,1,17,13,2,2
1649808279,"2022-04-13 00:04:39",18,162,2,1,17,13,2,2
1649808339,"2022-04-13 00:05:39",18,160,2,1,17,13,2,2
1649808399,"2022-04-13 00:06:39",18,160,2,1,17,13,2,2
1649808459,"2022-04-13 00:07:39",18,161,2,1,17,13,2,2
1649808519,"2022-04-13 00:08:39",18,160,2,1,17,13,2,2
1649808579,"2022-04-13 00:09:39",18,159,2,1,17,13,2,2
1649808639,"2022-04-13 00:10:39",18,161,2,1,17,13,2,2
1649808699,"2022-04-13 00:11:39",18,164,2,1,17,13,2,2
1649808759,"2022-04-13 00:12:39",18,159,2,1,17,13,2,2
1649808819,"2022-04-13 00:13:39",18,161,2,1,17,13,2,2
1649808879,"2022-04-13 00:14:39",18,163,2,1,17,13,2,2
1649808939,"2022-04-13 00:15:39",18,160,2,1,17,13,2,2
1649808999,"2022-04-13 00:16:39",18,164,2,1,17,13,2,2
1649809059,"2022-04-13 00:17:39",18,162,2,1,17,13,2,2
1649809119,"2022-04-13 00:18:39",18,161,2,1,17,13,2,2
1649809179,"2022-04-13 00:19:39",18,160,2,1,17,13,2,2
1649809239,"2022-04-13 00:20:39",18,161,2,1,17,13,2,2
1649809299,"2022-04-13 00:21:39",18,160,2,1,17,13,2,2
1649809359,"2022-04-13 00:22:39",18,162,2,1,17,13,2,2
1649809419,"2022-04-13 00:23:39",18,162,2,1,17,13,2,2
1649809479,"2022-04-13 00:24:39",18,160,2,1,17,13,2,2
1649809539,"2022-04-13 00:25:39",18,161,2,1,17,13,2,2
1649809599,"2022-04-13 00:26:39",18,158,23.706045,3.9104307,17,13,24,8
1649809659,"2022-04-13 00:27:39",18,161,4.910431,1,17,13,5,2
1649809719,"2022-04-13 00:28:39",18,158,2,1,17,13,2,2
1649809779,"2022-04-13 00:29:39",19,159,2,1,18,13,2,2
1649809839,"2022-04-13 00:30:39",19,161,2,1,18,13,2,2
1649809899,"2022-04-13 00:31:39",19,162,2,1,18,13,2,2
1649809959,"2022-04-13 00:32:39",19,162,2,1,18,13,2,2
1649810019,"2022-04-13 00:33:39",19,161,2,1,18,13,2,2
1649810079,"2022-04-13 00:34:39",18,160,2,1,17,13,2,2
1649810139,"2022-04-13 00:35:39",18,159,2,1,17,13,2,2
1649810199,"2022-04-13 00:36:39",19,157,2,1,18,13,2,2
1649810259,"2022-04-13 00:37:39",19,159,2,1,18,13,2,2
1649810319,"2022-04-13 00:38:39",19,158,2,1,18,13,2,2
1649810379,"2022-04-13 00:39:39",18,162,2,1,17,13,2,2
1649810439,"2022-04-13 00:40:39",19,158,2,1,18,13,2,2
1649810499,"2022-04-13 00:41:39",19,159,2,1,18,13,2,2
1649810559,"2022-04-13 00:42:39",18,160,21.500956,3.608363,17,13,22,7
1649810619,"2022-04-13 00:43:39",19,159,4.608363,1,18,13,5,2
1649810679,"2022-04-13 00:44:39",19,159,2,1,18,13,2,2
1649810739,"2022-04-13 00:45:39",19,160,2,1,18,13,2,2
1649810799,"2022-04-13 00:46:39",19,159,2,1,18,13,2,2
1649810859,"2022-04-13 00:47:39",19,161,2,1,18,13,2,2
1649810919,"2022-04-13 00:48:39",19,160,2,1,18,13,2,2
1649810979,"2022-04-13 00:49:39",19,158,2,1,18,13,2,2
1649811039,"2022-04-13 00:50:39",19,160,2,1,18,13,2,2
1649811099,"2022-04-13 00:51:39",18,161,2,1,17,13,2,2
1649811159,"2022-04-13 00:52:39",19,160,2,1,18,13,2,2
1649811219,"2022-04-13 00:53:39",18,160,2,1,17,13,2,2
1649811279,"2022-04-13 00:54:39",19,159,2,1,18,13,2,2
1649811339,"2022-04-13 00:55:39",19,160,2,1,18,13,2,2
1649811399,"2022-04-13 00:56:39",19,160,2,1,18,13,2,2
1649811459,"2022-04-13 00:57:39",19,159,2,1,18,13,2,2
1649811519,"2022-04-13 00:58:39",19,159,2,1,18,13,2,2
1649811579,"2022-04-13 00:59:39",18,159,2,1,17,13,2,2
1649811639,"2022-04-13 01:00:39",19,160,2,1,18,13,2,2
1649811699,"2022-04-13 01:01:39",19,160,2,1,18,13,2,2
1649811759,"2022-04-13 01:02:39",19,161,2,1,18,13,2,2
1649811819,"2022-04-13 01:03:39",19,158,2,1,18,13,2,2
1649811879,"2022-04-13 01:04:39",19,157,2,1,18,13,2,2
1649811939,"2022-04-13 01:05:39",19,159,2,1,18,13,2,2
1649811999,"2022-04-13 01:06:39",19,158,2,1,18,13,2,2
1649812059,"2022-04-13 01:07:39",19,161,2,1,18,13,2,2
1649812119,"2022-04-13 01:08:39",19,161,2,1,18,13,2,2
1649812179,"2022-04-13 01:09:39",19,159,2,1,18,13,2,2
1649812239,"2022-04-13 01:10:39",19,160,2,1,18,13,2,2
1649812299,"2022-04-13 01:11:39",19,159,2,1,18,13,2,2
1649812359,"2022-04-13 01:12:39",19,158,2,1,18,13,2,2
1649812419,"2022-04-13 01:13:39",19,159,2,1,18,13,2,2
1649812479,"2022-04-13 01:14:39",19,158,2,1,18,13,2,2
1649812539,"2022-04-13 01:15:39",19,159,2,1,18,13,2,2
1649812599,"2022-04-13 01:16:39",19,160,2,1,18,13,2,2
1649812659,"2022-04-13 01:17:39",19,161,2,1,18,13,2,2
1649812719,"2022-04-13 01:18:39",19,158,2,1,18,13,2,2
1649812779,"2022-04-13 01:19:39",19,159,2,1,18,13,2,2
1649812839,"2022-04-13 01:20:39",18,158,2,1,17,13,2,2
1649812899,"2022-04-13 01:21:39",19,158,2,1,18,13,2,2
1649812959,"2022-04-13 01:22:39",19,157,2,1,18,13,2,2
1649813019,"2022-04-13 01:23:39",19,158,2,1,18,13,2,2
1649813079,"2022-04-13 01:24:39",19,159,2,1,18,13,2,2
1649813139,"2022-04-13 01:25:39",19,158,2,1,18,13,2,2
1649813199,"2022-04-13 01:26:39",19,159,2,1,18,13,2,2
1649813259,"2022-04-13 01:27:39",19,158,2,1,18,13,2,2
1649813319,"2022-04-13 01:28:39",19,160,2,1,18,13,2,2
1649813379,"2022-04-13 01:29:39",19,161,2,1,18,13,2,2
1649813439,"2022-04-13 01:30:39",19,160,2,1,18,13,2,2
1649813499,"2022-04-13 01:31:39",19,158,2,1,18,13,2,2
1649813559,"2022-04-13 01:32:39",19,160,2,1,18,13,2,2
1649813619,"2022-04-13 01:33:39",19,160,2,1,18,13,2,2
1649813679,"2022-04-13 01:34:39",19,160,2,1,18,13,2,2
1649813739,"2022-04-13 01:35:39",19,159,2,1,18,13,2,2
1649813799,"2022-04-13 01:36:39",19,159,2,1,18,13,2,2
1649813859,"2022-04-13 01:37:39",19,161,2,1,18,13,2,2
1649813919,"2022-04-13 01:38:39",19,159,2,1,18,13,2,2
1649813979,"2022-04-13 01:39:39",19,158,2,1,18,13,2,2
1649814039,"2022-04-13 01:40:39",19,160,2,1,18,13,2,2
1649814099,"2022-04-13 01:41:39",19,159,12.170828,1.3679543,18,13,12,3
1649814159,"2022-04-13 01:42:39",19,158,2.3679543,1,18,13,2,2
1649814219,"2022-04-13 01:43:39",19,158,2,1,18,13,2,2
1649814279,"2022-04-13 01:44:39",19,156,2,1,18,12,2,2
1649814339,"2022-04-13 01:45:39",19,160,2,1,18,13,2,2
1649814399,"2022-04-13 01:46:39",19,160,2,1,18,13,2,2
1649814459,"2022-04-13 01:47:39",19,158,2,1,18,13,2,2
1649814519,"2022-04-13 01:48:39",19,159,2,1,18,13,2,2
1649814579,"2022-04-13 01:49:39",19,159,2,1,18,13,2,2
1649814639,"2022-04-13 01:50:39",19,159,2,1,18,13,2,2
1649814699,"2022-04-13 01:51:39",19,158,2,1,18,13,2,2
1649814759,"2022-04-13 01:52:39",19,158,2,1,18,13,2,2
1649814819,"2022-04-13 01:53:39",19,160,2,1,18,13,2,2
1649814879,"2022-04-13 01:54:39",19,160,2,1,18,13,2,2
1649814939,"2022-04-13 01:55:39",19,159,2,1,18,13,2,2
1649814999,"2022-04-13 01:56:39",19,161,2,1,18,13,2,2
1649815059,"2022-04-13 01:57:39",19,159,2,1,18,13,2,2
1649815119,"2022-04-13 01:58:39",19,158,2,1,18,13,2,2
1649815179,"2022-04-13 01:59:39",19,160,2,1,18,13,2,2
1649815239,"2022-04-13 02:00:39",19,160,2,1,18,13,2,2
1649815299,"2022-04-13 02:01:39",19,160,2,1,18,13,2,2
1649815359,"2022-04-13 02:02:39",19,158,2,1,18,13,2,2
1649815419,"2022-04-13 02:03:39",19,159,2,1,18,13,2,2
1649815479,"2022-04-13 02:04:39",19,159,2,1,18,13,2,2
1649815539,"2022-04-13 02:05:39",19,159,2,1,18,13,2,2
1649815599,"2022-04-13 02:06:39",19,159,2,1,18,13,2,2
1649815659,"2022-04-13 02:07:39",19,158,2,1,18,13,2,2
1649815719,"2022-04-13 02:08:39",19,160,2,1,18,13,2,2
1649815779,"2022-04-13 02:09:39",19,158,2,1,18,13,2,2
1649815839,"2022-04-13 02:10:39",19,160,2,1,18,13,2,2
1649815899,"2022-04-13 02:11:39",19,159,2,1,18,13,2,2
1649815959,"2022-04-13 02:12:39",19,161,2,1,18,13,2,2
1649816019,"2022-04-13 02:13:39",19,159,2,1,18,13,2,2
1649816079,"2022-04-13 02:14:39",19,158,2,1,18,13,2,2
1649816139,"2022-04-13 02:15:39",19,160,2,1,18,13,2,2
1649816199,"2022-04-13 02:16:39",19,161,2,1,18,13,2,2
1649816259,"2022-04-13 02:17:39",19,159,2,1,18,13,2,2
1649816319,"2022-04-13 02:18:39",19,157,2,1,18,13,2,2
1649816379,"2022-04-13 02:19:39",19,160,2,1,18,13,2,2
1649816439,"2022-04-13 02:20:39",19,158,2,1,18,13,2,2
1649816499,"2022-04-13 02:21:39",19,157,2,1,18,13,2,2
1649816559,"2022-04-13 02:22:39",19,161,2,1,18,13,2,2
1649816619,"2022-04-13 02:23:39",19,158,2,1,18,13,2,2
1649816679,"2022-04-13 02:24:39",19,159,2,1,18,13,2,2
1649816739,"2022-04-13 02:25:39",19,158,2,1,18,13,2,2
1649816799,"2022-04-13 02:26:39",19,160,2,1,18,13,2,2
1649816859,"2022-04-13 02:27:39",19,159,2,1,18,13,2,2
1649816919,"2022-04-13 02:28:39",19,158,2,1,18,13,2,2
1649816979,"2022-04-13 02:29:39",19,160,2,1,18,13,2,2
1649817039,"2022-04-13 02:30:39",19,161,11.643961,1,18,13,12,2
1649817099,"2022-04-13 02:31:39",19,156,2,1,18,12,2,2
1649817159,"2022-04-13 02:32:39",19,159,2,1,18,13,2,2
1649817219,"2022-04-13 02:33:39",19,161,2,1,18,13,2,2
1649817279,"2022-04-13 02:34:39",19,159,2,1,18,13,2,2
1649817339,"2022-04-13 02:35:39",19,158,2,1,18,13,2,2
1649817399,"2022-04-13 02:36:39",19,160,2,1,18,13,2,2
1649817459,"2022-04-13 02:37:39",19,158,2,1,18,13,2,2
1649817519,"2022-04-13 02:38:39",19,159,2,1,18,13,2,2
1649817579,"2022-04-13 02:39:39",19,160,2,1,18,13,2,2
1649817639,"2022-04-13 02:40:39",19,158,2,1,18,13,2,2
1649817699,"2022-04-13 02:41:39",19,159,2,1,18,13,2,2
1649817759,"2022-04-13 02:42:39",19,163,2,1,18,13,2,2
1649817819,"2022-04-13 02:43:39",19,158,2,1,18,13,2,2
1649817879,"2022-04-13 02:44:39",19,159,2,1,18,13,2,2
1649817939,"2022-04-13 02:45:39",19,160,2,1,18,13,2,2
1649817999,"2022-04-13 02:46:39",19,161,2,1,18,13,2,2
1649818059,"2022-04-13 02:47:39",19,160,2,1,18,13,2,2
1649818119,"2022-04-13 02:48:39",19,158,2,1,18,13,2,2
1649818179,"2022-04-13 02:49:39",19,160,2,1,18,13,2,2
1649818239,"2022-04-13 02:50:39",19,160,2,1,18,13,2,2
1649818299,"2022-04-13 02:51:39",19,157,2,1,18,13,2,2
1649818359,"2022-04-13 02:52:39",19,159,2,1,18,13,2,2
1649818419,"2022-04-13 02:53:39",19,158,2,1,18,13,2,2
1649818479,"2022-04-13 02:54:39",19,158,2,1,18,13,2,2
1649818539,"2022-04-13 02:55:39",19,160,2,1,18,13,2,2
1649818599,"2022-04-13 02:56:39",19,159,2,1,18,13,2,2
1649818659,"2022-04-13 02:57:39",19,159,2,1,18,13,2,2
1649818719,"2022-04-13 02:58:39",19,158,2,1,18,13,2,2
1649818779,"2022-04-13 02:59:39",19,161,2,1,18,13,2,2
1649818839,"2022-04-13 03:00:39",19,160,2,1,18,13,2,2
1649818899,"2022-04-13 03:01:39",19,160,2,1,18,13,2,2
1649818959,"2022-04-13 03:02:39",19,157,2,1,18,13,2,2
1649819019,"2022-04-13 03:03:39",19,158,2,1,18,13,2,2
1649819079,"2022-04-13 03:04:39",19,157,2,1,18,13,2,2
1649819139,"2022-04-13 03:05:39",19,160,2,1,18,13,2,2
1649819199,"2022-04-13 03:06:39",19,159,2,1,18,13,2,2
1649819259,"2022-04-13 03:07:39",19,158,2,1,18,13,2,2
1649819319,"2022-04-13 03:08:39",19,158,2,1,18,13,2,2
1649819379,"2022-04-13 03:09:39",19,160,2,1,18,13,2,2
1649819439,"2022-04-13 03:10:39",19,159,2,1,18,13,2,2
1649819499,"2022-04-13 03:11:39",19,158,2,1,18,13,2,2
1649819559,"2022-04-13 03:12:39",19,157,2,1,18,13,2,2
1649819619,"2022-04-13 03:13:39",19,157,2,1,18,13,2,2
1649819679,"2022-04-13 03:14:39",19,158,2,1,18,13,2,2
1649819739,"2022-04-13 03:15:39",19,156,2,1,18,12,2,2
1649819799,"2022-04-13 03:16:39",19,159,2,1,18,13,2,2
1649819859,"2022-04-13 03:17:39",19,161,2,1,18,13,2,2
1649819919,"2022-04-13 03:18:39",19,159,2,1,18,13,2,2
1649819979,"2022-04-13 03:19:39",19,160,2,1,18,13,2,2
1649820039,"2022-04-13 03:20:39",19,158,2,1,18,13,2,2
1649820099,"2022-04-13 03:21:39",19,158,2,1,18,13,2,2
1649820159,"2022-04-13 03:22:39",19,161,2,1,18,13,2,2
1649820219,"2022-04-13 03:23:39",19,158,2,1,18,13,2,2
1649820279,"2022-04-13 03:24:39",19,160,2,1,18,13,2,2
1649820339,"2022-04-13 03:25:39",19,158,2,1,18,13,2,2
1649820399,"2022-04-13 03:26:39",19,158,2,1,18,13,2,2
1649820459,"2022-04-13 03:27:39",19,158,2,1,18,13,2,2
1649820519,"2022-04-13 03:28:39",19,158,2,1,18,13,2,2
1649820579,"2022-04-13 03:29:39",19,157,2,1,18,13,2,2
1649820639,"2022-04-13 03:30:39",19,158,2,1,18,13,2,2
1649820699,"2022-04-13 03:31:39",19,160,2,1,18,13,2,2
1649820759,"2022-04-13 03:32:39",19,159,2,1,18,13,2,2
1649820819,"2022-04-13 03:33:39",19,157,2,1,18,13,2,2
1649820879,"2022-04-13 03:34:39",19,158,2,1,18,13,2,2
1649820939,"2022-04-13 03:35:39",19,158,2,1,18,13,2,2
1649820999,"2022-04-13 03:36:39",19,159,2,1,18,13,2,2
1649821059,"2022-04-13 03:37:39",20,160,2,1,18,13,2,2
1649821119,"2022-04-13 03:38:39",19,156,2,1,18,12,2,2
1649821179,"2022-04-13 03:39:39",19,159,2,1,18,13,2,2
1649821239,"2022-04-13 03:40:39",19,158,2,1,18,13,2,2
1649821299,"2022-04-13 03:41:39",19,160,2,1,18,13,2,2
1649821359,"2022-04-13 03:42:39",19,162,2,1,18,13,2,2
1649821419,"2022-04-13 03:43:39",19,160,2,1,18,13,2,2
1649821479,"2022-04-13 03:44:39",19,158,2,1,18,13,2,2
1649821539,"2022-04-13 03:45:39",19,158,2,1,18,13,2,2
1649821599,"2022-04-13 03:46:39",19,161,2,1,18,13,2,2
1649821659,"2022-04-13 03:47:39",19,160,2,1,18,13,2,2
1649821719,"2022-04-13 03:48:39",19,156,2,1,18,12,2,2
1649821779,"2022-04-13 03:49:39",19,159,2,1,18,13,2,2
1649821839,"2022-04-13 03:50:39",19,160,2,1,18,13,2,2
1649821899,"2022-04-13 03:51:39",19,160,2,1,18,13,2,2
1649821959,"2022-04-13 03:52:39",19,159,2,1,18,13,2,2
1649822019,"2022-04-13 03:53:39",19,158,2,1,18,13,2,2
1649822079,"2022-04-13 03:54:39",19,160,2,1,18,13,2,2
1649822139,"2022-04-13 03:55:39",19,159,2,1,18,13,2,2
1649822199,"2022-04-13 03:56:39",19,160,2,1,18,13,2,2
1649822259,"2022-04-13 03:57:39",19,159,2,1,18,13,2,2
1649822319,"2022-04-13 03:58:39",20,158,2,1,18,13,2,2
1649822379,"2022-04-13 03:59:39",19,158,2,1,18,13,2,2
1649822439,"2022-04-13 04:00:39",19,159,2,1,18,13,2,2
1649822499,"2022-04-13 04:01:39",19,159,2,1,18,13,2,2
1649822559,"2022-04-13 04:02:39",20,158,2,1,18,13,2,2
1649822619,"2022-04-13 04:03:39",19,159,2,1,18,13,2,2
1649822679,"2022-04-13 04:04:39",19,160,2,1,18,13,2,2
1649822739,"2022-04-13 04:05:39",19,161,2,1,18,13,2,2
1649822799,"2022-04-13 04:06:39",19,159,2,1,18,13,2,2
1649822859,"2022-04-13 04:07:39",19,159,2,1,18,13,2,2
1649822919,"2022-04-13 04:08:39",19,159,2,1,18,13,2,2
1649822979,"2022-04-13 04:09:39",20,157,2,1,18,13,2,2
1649823039,"2022-04-13 04:10:39",20,159,2,1,18,13,2,2
1649823099,"2022-04-13 04:11:39",20,157,2,1,18,13,2,2
1649823159,"2022-04-13 04:12:39",20,160,2,1,18,13,2,2
1649823219,"2022-04-13 04:13:39",20,159,2,1,18,13,2,2
1649823279,"2022-04-13 04:14:39",20,158,2,1,18,13,2,2
1649823339,"2022-04-13 04:15:39",19,158,2,1,18,13,2,2
1649823399,"2022-04-13 04:16:39",20,157,2,1,18,13,2,2
1649823459,"2022-04-13 04:17:39",20,159,2,1,18,13,2,2
1649823519,"2022-04-13 04:18:39",20,157,2,1,18,13,2,2
1649823579,"2022-04-13 04:19:39",20,156,10.28021,1,18,12,10,2
1649823639,"2022-04-13 04:20:39",19,161,2,1,18,13,2,2
1649823699,"2022-04-13 04:21:39",19,159,2,1,18,13,2,2
1649823759,"2022-04-13 04:22:39",20,158,2,1,18,13,2,2
1649823819,"2022-04-13 04:23:39",20,160,2,1,18,13,2,2
1649823879,"2022-04-13 04:24:39",20,159,2,1,18,13,2,2
1649823939,"2022-04-13 04:25:39",20,160,2,1,18,13,2,2
1649823999,"2022-04-13 04:26:39",20,158,2,1,18,13,2,2
1649824059,"2022-04-13 04:27:39",20,159,2,1,18,13,2,2
1649824119,"2022-04-13 04:28:39",20,158,2,1,18,13,2,2
1649824179,"2022-04-13 04:29:39",19,159,2,1,18,13,2,2
1649824239,"2022-04-13 04:30:39",20,161,2,1,19,13,2,2
1649824299,"2022-04-13 04:31:39",20,159,2,1,18,13,2,2
1649824359,"2022-04-13 04:32:39",19,158,2,1,18,13,2,2
1649824419,"2022-04-13 04:33:39",20,158,2,1,19,13,2,2
1649824479,"2022-04-13 04:34:39",20,160,2,1,19,13,2,2
1649824539,"2022-04-13 04:35:39",20,157,2,1,18,13,2,2
1649824599,"2022-04-13 04:36:39",19,159,2,1,18,13,2,2
1649824659,"2022-04-13 04:37:39",20,160,2,1,19,13,2,2
1649824719,"2022-04-13 04:38:39",20,160,2,1,18,13,2,2
1649824779,"2022-04-13 04:39:39",19,158,2,1,18,13,2,2
1649824839,"2022-04-13 04:40:39",20,160,2,1,18,13,2,2
1649824899,"2022-04-13 04:41:39",20,159,2,1,18,13,2,2
1649824959,"2022-04-13 04:42:39",20,157,2,1,18,13,2,2
1649825019,"2022-04-13 04:43:39",20,157,2,1,19,13,2,2
1649825079,"2022-04-13 04:44:39",20,159,2,1,18,13,2,2
1649825139,"2022-04-13 04:45:39",20,158,2,1,19,13,2,2
1649825199,"2022-04-13 04:46:39",20,158,2,1,18,13,2,2
1649825259,"2022-04-13 04:47:39",20,157,2,1,18,13,2,2
1649825319,"2022-04-13 04:48:39",20,160,2,1,19,13,2,2
1649825379,"2022-04-13 04:49:39",20,156,2,1,18,12,2,2
1649825439,"2022-04-13 04:50:39",20,159,2,1,19,13,2,2
1649825499,"2022-04-13 04:51:39",20,159,2,1,19,13,2,2
1649825559,"2022-04-13 04:52:39",20,159,2,1,18,13,2,2
1649825619,"2022-04-13 04:53:39",20,161,2,1,19,13,2,2
1649825679,"2022-04-13 04:54:39",20,157,2,1,19,13,2,2
1649825739,"2022-04-13 04:55:39",20,156,2,1,19,12,2,2
1649825799,"2022-04-13 04:56:39",20,161,2,1,19,13,2,2
1649825859,"2022-04-13 04:57:39",20,156,2,1,19,12,2,2
1649825919,"2022-04-13 04:58:39",20,158,2,1,19,13,2,2
1649825979,"2022-04-13 04:59:39",20,160,2,1,19,13,2,2
1649826039,"2022-04-13 05:00:39",20,158,2,1,19,13,2,2
1649826099,"2022-04-13 05:01:39",20,157,2,1,19,13,2,2
1649826159,"2022-04-13 05:02:39",20,159,2,1,19,13,2,2
1649826219,"2022-04-13 05:03:39",20,159,2,1,19,13,2,2
1649826279,"2022-04-13 05:04:39",20,158,2,1,19,13,2,2
1649826339,"2022-04-13 05:05:39",20,158,2,1,19,13,2,2
1649826399,"2022-04-13 05:06:39",20,159,2,1,19,13,2,2
1649826459,"2022-04-13 05:07:39",20,158,2,1,19,13,2,2
1649826519,"2022-04-13 05:08:39",20,160,2,1,19,13,2,2
1649826579,"2022-04-13 05:09:39",20,160,2,1,19,13,2,2
1649826639,"2022-04-13 05:10:39",20,158,2,1,19,13,2,2
1649826699,"2022-04-13 05:11:39",20,157,2,1,19,13,2,2
1649826759,"2022-04-13 05:12:39",20,158,2,1,19,13,2,2
1649826819,"2022-04-13 05:13:39",20,157,2,1,19,13,2,2
1649826879,"2022-04-13 05:14:39",20,159,2,1,19,13,2,2
1649826939,"2022-04-13 05:15:39",20,158,2,1,19,13,2,2
1649826999,"2022-04-13 05:16:39",20,159,13.850166,1.1450171,19,13,14,2
1649827059,"2022-04-13 05:17:39",20,157,2.1450171,1,19,13,2,2
1649827119,"2022-04-13 05:18:39",20,157,2,1,19,13,2,2
1649827179,"2022-04-13 05:19:39",20,159,2,1,19,13,2,2
1649827239,"2022-04-13 05:20:39",20,159,2,1,19,13,2,2
1649827299,"2022-04-13 05:21:39",20,159,2,1,19,13,2,2
1649827359,"2022-04-13 05:22:39",20,158,2,1,19,13,2,2
1649827419,"2022-04-13 05:23:39",20,159,2,1,19,13,2,2
1649827479,"2022-04-13 05:24:39",20,159,2,1,19,13,2,2
1649827539,"2022-04-13 05:25:39",20,159,2,1,19,13,2,2
1649827599,"2022-04-13 05:26:39",20,159,9.863589,1,19,13,10,2
1649827659,"2022-04-13 05:27:39",20,158,2,1,19,13,2,2
1649827719,"2022-04-13 05:28:39",20,157,2,1,19,13,2,2
1649827779,"2022-04-13 05:29:39",20,158,2,1,19,13,2,2
1649827839,"2022-04-13 05:30:39",20,159,2,1,19,13,2,2
1649827899,"2022-04-13 05:31:39",20,157,2,1,19,13,2,2
1649827959,"2022-04-13 05:32:39",20,157,2,1,19,13,2,2
1649828019,"2022-04-13 05:33:39",20,158,2,1,19,13,2,2
1649828079,"2022-04-13 05:34:39",20,154,2,1,19,12,2,2
1649828139,"2022-04-13 05:35:39",20,158,2,1,19,13,2,2
1649828199,"2022-04-13 05:36:39",20,157,2,1,19,13,2,2
1649828259,"2022-04-13 05:37:39",20,158,2,1,19,13,2,2
1649828319,"2022-04-13 05:38:39",20,159,2,1,19,13,2,2
1649828379,"2022-04-13 05:39:39",20,157,2,1,19,13,2,2
1649828439,"2022-04-13 05:40:39",20,157,2,1,19,13,2,2
1649828499,"2022-04-13 05:41:39",20,160,2,1,19,13,2,2
1649828559,"2022-04-13 05:42:39",20,158,2,1,19,13,2,2
1649828619,"2022-04-13 05:43:39",20,158,2,1,19,13,2,2
1649828679,"2022-04-13 05:44:39",20,157,2,1,19,13,2,2
1649828739,"2022-04-13 05:45:39",20,158,2,1,19,13,2,2
1649828799,"2022-04-13 05:46:39",20,157,2,1,19,13,2,2
1649828859,"2022-04-13 05:47:39",20,157,2,1,19,13,2,2
1649828919,"2022-04-13 05:48:39",20,158,10.542095,1,19,13,11,2
1649828979,"2022-04-13 05:49:39",20,156,2,1,19,12,2,2
1649829039,"2022-04-13 05:50:39",20,155,2,1,19,12,2,2
1649829099,"2022-04-13 05:51:39",20,157,2,1,19,13,2,2
1649829159,"2022-04-13 05:52:39",20,157,2,1,19,13,2,2
1649829219,"2022-04-13 05:53:39",20,158,6.7351522,1,19,13,7,2
1649829279,"2022-04-13 05:54:39",20,158,2,1,19,13,2,2
1649829339,"2022-04-13 05:55:39",20,158,2,1,19,13,2,2
1649829399,"2022-04-13 05:56:39",20,160,2,1,19,13,2,2
1649829459,"2022-04-13 05:57:39",20,160,2,1,19,13,2,2
1649829519,"2022-04-13 05:58:39",20,157,2,1,19,13,2,2
1649829579,"2022-04-13 05:59:39",20,158,2,1,19,13,2,2
1649829639,"2022-04-13 06:00:39",20,160,2,1,19,13,2,2
1649829699,"2022-04-13 06:01:39",20,160,2,1,19,13,2,2
1649829759,"2022-04-13 06:02:39",20,158,2,1,19,13,2,2
1649829819,"2022-04-13 06:03:39",20,159,2,1,19,13,2,2
1649829879,"2022-04-13 06:04:39",20,159,2,1,19,13,2,2
1649829939,"2022-04-13 06:05:39",20,160,13.325179,1,19,13,13,2
1649829999,"2022-04-13 06:06:39",20,159,2,1,19,13,2,2
1649830059,"2022-04-13 06:07:39",20,160,2,1,19,13,2,2
1649830119,"2022-04-13 06:08:39",20,159,2,1,19,13,2,2
1649830179,"2022-04-13 06:09:39",20,158,2,1,19,13,2,2
1649830239,"2022-04-13 06:10:39",20,161,2,1,19,13,2,2
1649830299,"2022-04-13 06:11:39",20,162,2,1,19,13,2,2
1649830359,"2022-04-13 06:12:39",20,160,2,1,19,13,2,2
1649830419,"2022-04-13 06:13:39",20,159,2,1,19,13,2,2
1649830479,"2022-04-13 06:14:39",20,161,2,1,19,13,2,2
1649830539,"2022-04-13 06:15:39",20,162,14.525138,1.3553053,19,13,15,3
1649830599,"2022-04-13 06:16:39",20,159,2.3553052,1,19,13,2,2
1649830659,"2022-04-13 06:17:39",20,160,2,1,19,13,2,2
1649830719,"2022-04-13 06:18:39",20,162,2,1,19,13,2,2
1649830779,"2022-04-13 06:19:39",20,161,2,1,19,13,2,2
1649830839,"2022-04-13 06:20:39",20,162,2,1,19,13,2,2
1649830899,"2022-04-13 06:21:39",20,161,2,1,19,13,2,2
1649830959,"2022-04-13 06:22:39",20,165,2,1,19,13,2,2
1649831019,"2022-04-13 06:23:39",20,160,2,1,19,13,2,2
1649831079,"2022-04-13 06:24:39",20,161,2,1,19,13,2,2
1649831139,"2022-04-13 06:25:39",20,162,2,1,19,13,2,2
1649831199,"2022-04-13 06:26:39",20,163,2,1,19,13,2,2
1649831259,"2022-04-13 06:27:39",20,162,2,1,19,13,2,2
1649831319,"2022-04-13 06:28:39",20,162,2,1,19,13,2,2
1649831379,"2022-04-13 06:29:39",20,163,2,1,19,13,2,2
1649831439,"2022-04-13 06:30:39",20,163,13.036288,1.2252686,19,13,13,2
1649831499,"2022-04-13 06:31:39",20,161,2.2252686,1,19,13,2,2
1649831559,"2022-04-13 06:32:39",20,160,2,1,19,13,2,2
1649831619,"2022-04-13 06:33:39",20,163,2,1,19,13,2,2
1649831679,"2022-04-13 06:34:39",20,165,2,1,19,13,2,2
1649831739,"2022-04-13 06:35:39",20,164,2,1,19,13,2,2
1649831799,"2022-04-13 06:36:39",20,165,2,1,19,13,2,2
1649831859,"2022-04-13 06:37:39",21,163,2,1,20,13,2,2
1649831919,"2022-04-13 06:38:39",20,165,2,1,19,13,2,2
1649831979,"2022-04-13 06:39:39",21,164,2,1,20,13,2,2
1649832039,"2022-04-13 06:40:39",20,166,19.986559,3.0287685,19,13,20,6
1649832099,"2022-04-13 06:41:39",20,166,4.0287685,1,19,13,4,2
1649832159,"2022-04-13 06:42:39",20,166,2,1,19,13,2,2
1649832219,"2022-04-13 06:43:39",20,165,2,1,19,13,2,2
1649832279,"2022-04-13 06:44:39",20,165,2,1,19,13,2,2
1649832339,"2022-04-13 06:45:39",20,162,2,1,19,13,2,2
1649832399,"2022-04-13 06:46:39",20,162,2,1,19,13,2,2
1649832459,"2022-04-13 06:47:39",20,166,2,1,19,13,2,2
1649832519,"2022-04-13 06:48:39",20,164,2,1,19,13,2,2
1649832579,"2022-04-13 06:49:39",20,164,2,1,19,13,2,2
1649832639,"2022-04-13 06:50:39",20,162,2,1,19,13,2,2
1649832699,"2022-04-13 06:51:39",20,164,2,1,19,13,2,2
1649832759,"2022-04-13 06:52:39",21,165,2,1,20,13,2,2
1649832819,"2022-04-13 06:53:39",20,164,2,1,19,13,2,2
1649832879,"2022-04-13 06:54:39",21,165,2,1,20,13,2,2
1649832939,"2022-04-13 06:55:39",20,165,2,1,19,13,2,2
1649832999,"2022-04-13 06:56:39",20,166,13.636218,1,19,13,14,2
1649833059,"2022-04-13 06:57:39",21,164,2,1,20,13,2,2
1649833119,"2022-04-13 06:58:39",20,170,2,1,19,14,2,2
1649833179,"2022-04-13 06:59:39",20,166,2,1,19,13,2,2
1649833239,"2022-04-13 07:00:39",20,163,2,1,19,13,2,2
1649833299,"2022-04-13 07:01:39",21,163,2,1,20,13,2,2
1649833359,"2022-04-13 07:02:39",21,163,2,1,20,13,2,2
1649833419,"2022-04-13 07:03:39",20,166,2,1,19,13,2,2
1649833479,"2022-04-13 07:04:39",21,164,2,1,20,13,2,2
1649833539,"2022-04-13 07:05:39",21,166,10.094165,1,20,13,10,2
1649833599,"2022-04-13 07:06:39",21,164,2,1,20,13,2,2
1649833659,"2022-04-13 07:07:39",20,165,2,1,19,13,2,2
1649833719,"2022-04-13 07:08:39",20,165,14.331965,1.0329431,19,13,14,2
1649833779,"2022-04-13 07:09:39",20,166,2.0329432,1,19,13,2,2
1649833839,"2022-04-13 07:10:39",21,165,2,1,20,13,2,2
1649833899,"2022-04-13 07:11:39",20,163,2,1,19,13,2,2
1649833959,"2022-04-13 07:12:39",20,163,2,1,19,13,2,2
1649834019,"2022-04-13 07:13:39",20,166,2,1,19,13,2,2
1649834079,"2022-04-13 07:14:39",20,164,2,1,19,13,2,2
1649834139,"2022-04-13 07:15:39",20,165,2,1,19,13,2,2
1649834199,"2022-04-13 07:16:39",20,164,2,1,19,13,2,2
1649834259,"2022-04-13 07:17:39",20,165,2,1,19,13,2,2
1649834319,"2022-04-13 07:18:39",20,164,2,1,19,13,2,2
1649834379,"2022-04-13 07:19:39",20,163,2,1,19,13,2,2
1649834439,"2022-04-13 07:20:39",20,166,2,1,19,13,2,2
1649834499,"2022-04-13 07:21:39",20,164,2,1,19,13,2,2
1649834559,"2022-04-13 07:22:39",20,164,2,1,19,13,2,2
1649834619,"2022-04-13 07:23:39",20,166,2,1,19,13,2,2
1649834679,"2022-04-13 07:24:39",20,165,2,1,19,13,2,2
1649834739,"2022-04-13 07:25:39",20,163,2,1,19,13,2,2
1649834799,"2022-04-13 07:26:39",20,168,2,1,19,13,2,2
1649834859,"2022-04-13 07:27:39",20,166,2,1,19,13,2,2
1649834919,"2022-04-13 07:28:39",20,166,2,1,19,13,2,2
1649834979,"2022-04-13 07:29:39",20,168,2,1,19,13,2,2
1649835039,"2022-04-13 07:30:39",20,168,2,1,19,13,2,2
1649835099,"2022-04-13 07:31:39",20,168,2,1,19,13,2,2
1649835159,"2022-04-13 07:32:39",20,165,2,1,19,13,2,2
1649835219,"2022-04-13 07:33:39",20,166,2,1,19,13,2,2
1649835279,"2022-04-13 07:34:39",20,166,2,1,19,13,2,2
1649835339,"2022-04-13 07:35:39",20,166,2,1,18,13,2,2
1649835399,"2022-04-13 07:36:39",20,168,18.927383,2.550456,18,13,19,5
1649835459,"2022-04-13 07:37:39",20,168,5.7770596,1,18,13,6,2
1649835519,"2022-04-13 07:38:39",20,168,2,1,19,13,2,2
1649835579,"2022-04-13 07:39:39",20,167,2,1,18,13,2,2
1649835639,"2022-04-13 07:40:39",20,169,2,1,18,14,2,2
1649835699,"2022-04-13 07:41:39",20,169,2,1,18,14,2,2
1649835759,"2022-04-13 07:42:39",20,169,2,1,18,14,2,2
1649835819,"2022-04-13 07:43:39",20,168,2,1,18,13,2,2
1649835879,"2022-04-13 07:44:39",20,168,2,1,18,13,2,2
1649835939,"2022-04-13 07:45:39",20,169,2,1,19,14,2,2
1649835999,"2022-04-13 07:46:39",20,171,2,1,18,14,2,2
1649836059,"2022-04-13 07:47:39",20,166,2,1,19,13,2,2
1649836119,"2022-04-13 07:48:39",20,168,2,1,18,13,2,2
1649836179,"2022-04-13 07:49:39",20,168,2,1,18,13,2,2
1649836239,"2022-04-13 07:50:39",20,167,2,1,18,13,2,2
1649836299,"2022-04-13 07:51:39",20,169,2,1,18,14,2,2
1649836359,"2022-04-13 07:52:39",19,167,2,1,18,13,2,2
1649836419,"2022-04-13 07:53:39",20,169,2,1,18,14,2,2
1649836479,"2022-04-13 07:54:39",19,166,2,1,18,13,2,2
1649836539,"2022-04-13 07:55:39",19,170,2,1,18,14,2,2
1649836599,"2022-04-13 07:56:39",19,167,2,1,18,13,2,2
1649836659,"2022-04-13 07:57:39",19,168,2,1,18,13,2,2
1649836719,"2022-04-13 07:58:39",19,170,2,1,18,14,2,2
1649836779,"2022-04-13 07:59:39",19,168,2,1,18,13,2,2
1649836839,"2022-04-13 08:00:39",19,168,2,1,18,13,2,2
1649836899,"2022-04-13 08:01:39",19,166,2,1,18,13,2,2
1649836959,"2022-04-13 08:02:39",19,168,23.924105,4.4430084,18,13,24,9
1649837019,"2022-04-13 08:03:39",19,171,15.465373,1.3633355,17,14,15,3
1649837079,"2022-04-13 08:04:39",19,168,2.3633356,1,18,13,2,2
1649837139,"2022-04-13 08:05:39",19,161,14.859319,2.58922,18,13,15,5
1649837199,"2022-04-13 08:06:39",20,155,30.334553,4.0075836,18,12,30,8
1649837259,"2022-04-13 08:07:39",20,150,19.791456,3.0914087,19,12,20,6
1649837319,"2022-04-13 08:08:39",20,145,16.484833,1,19,12,16,2
1649837379,"2022-04-13 08:09:39",20,150,2,1,19,12,2,2
1649837439,"2022-04-13 08:10:39",20,155,2,1,19,12,2,2
1649837499,"2022-04-13 08:11:39",20,157,18.066141,2.340072,19,13,18,5
1649837559,"2022-04-13 08:12:39",20,156,3.340072,1,19,12,3,2
1649837619,"2022-04-13 08:13:39",20,155,2,1,19,12,2,2
1649837679,"2022-04-13 08:14:39",20,157,29.68402,3.328054,19,13,30,7
1649837739,"2022-04-13 08:15:39",20,160,15.410112,1.5913947,19,13,15,3
1649837799,"2022-04-13 08:16:39",20,160,2.5913947,1,19,13,3,2
1649837859,"2022-04-13 08:17:39",21,164,13.04279,2.2441945,20,13,13,4
1649837919,"2022-04-13 08:18:39",20,163,3.2441945,1,19,13,3,2
1649837979,"2022-04-13 08:19:39",20,165,2,1,19,13,2,2
1649838039,"2022-04-13 08:20:39",20,162,2,1,19,13,2,2
1649838099,"2022-04-13 08:21:39",20,163,2,1,19,13,2,2
1649838159,"2022-04-13 08:22:39",20,164,2,1,19,13,2,2
1649838219,"2022-04-13 08:23:39",20,165,2,1,19,13,2,2
1649838279,"2022-04-13 08:24:39",20,165,2,1,19,13,2,2
1649838339,"2022-04-13 08:25:39",20,165,2,1,19,13,2,2
1649838399,"2022-04-13 08:26:39",20,162,2,1,19,13,2,2
1649838459,"2022-04-13 08:27:39",20,164,2,1,19,13,2,2
1649838519,"2022-04-13 08:28:39",20,163,6.962595,1.028751,19,13,7,2
1649838579,"2022-04-13 08:29:39",20,163,2.028751,1,19,13,2,2
1649838639,"2022-04-13 08:30:39",20,165,13.455339,1.4096491,19,13,13,3
1649838699,"2022-04-13 08:31:39",20,164,21.469425,3.2118826,19,13,21,6
1649838759,"2022-04-13 08:32:39",20,166,4.2118826,1,19,13,4,2
1649838819,"2022-04-13 08:33:39",20,166,17.556644,2.2655025,19,13,18,5
1649838879,"2022-04-13 08:34:39",20,167,3.2655025,1,19,13,3,2
1649838939,"2022-04-13 08:35:39",20,168,2,1,19,13,2,2
1649838999,"2022-04-13 08:36:39",20,167,2,1,18,13,2,2
1649839059,"2022-04-13 08:37:39",20,167,2,1,19,13,2,2
1649839119,"2022-04-13 08:38:39",20,167,2,1,19,13,2,2
1649839179,"2022-04-13 08:39:39",20,168,14.7530775,1.716484,19,13,15,3
1649839239,"2022-04-13 08:40:39",20,169,2.716484,1,19,14,3,2
1649839299,"2022-04-13 08:41:39",20,169,14.491101,1.5802742,19,14,14,3
1649839359,"2022-04-13 08:42:39",20,170,2.580274,1,18,14,3,2
1649839419,"2022-04-13 08:43:39",20,167,2,1,19,13,2,2
1649839479,"2022-04-13 08:44:39",20,168,2,1,19,13,2,2
1649839539,"2022-04-13 08:45:39",20,167,2,1,19,13,2,2
1649839599,"2022-04-13 08:46:39",20,169,2,1,19,14,2,2
1649839659,"2022-04-13 08:47:39",20,169,2,1,19,14,2,2
1649839719,"2022-04-13 08:48:39",20,169,25.039234,3.7256038,19,14,25,7
1649839779,"2022-04-13 08:49:39",20,168,4.725604,1,19,13,5,2
1649839839,"2022-04-13 08:50:39",20,167,2,1,19,13,2,2
1649839899,"2022-04-13 08:51:39",20,169,2,1,19,14,2,2
1649839959,"2022-04-13 08:52:39",20,169,26.89979,3.8520324,18,14,27,8
1649840019,"2022-04-13 08:53:39",20,169,4.8520327,1,18,14,5,2
1649840079,"2022-04-13 08:54:39",20,169,2,1,18,14,2,2
1649840139,"2022-04-13 08:55:39",20,169,13.692822,1.9251865,18,14,14,4
1649840199,"2022-04-13 08:56:39",20,168,2.9251866,1,18,13,3,2
1649840259,"2022-04-13 08:57:39",20,170,2,1,19,14,2,2
1649840319,"2022-04-13 08:58:39",20,169,14.262303,1.2783251,18,14,14,3
1649840379,"2022-04-13 08:59:39",20,169,13.299318,2.5113485,18,14,13,5
1649840439,"2022-04-13 09:00:39",20,168,3.5113485,1,18,13,4,2
1649840499,"2022-04-13 09:01:39",20,169,18.536713,3.3767893,18,14,19,7
1649840559,"2022-04-13 09:02:39",20,170,4.376789,1,18,14,4,2
1649840619,"2022-04-13 09:03:39",20,171,2,1,18,14,2,2
1649840679,"2022-04-13 09:04:39",20,171,2,1,18,14,2,2
1649840739,"2022-04-13 09:05:39",20,169,11.447592,1.5292522,18,14,11,3
1649840799,"2022-04-13 09:06:39",19,171,16.478249,2.1165674,18,14,16,4
1649840859,"2022-04-13 09:07:39",20,170,3.1165674,1,18,14,3,2
1649840919,"2022-04-13 09:08:39",19,169,2,1,18,14,2,2
1649840979,"2022-04-13 09:09:39",20,171,18.021452,3.0469954,18,14,18,6
1649841039,"2022-04-13 09:10:39",20,169,4.046995,1,18,14,4,2
1649841099,"2022-04-13 09:11:39",20,169,19.054672,2.9742358,18,14,19,6
1649841159,"2022-04-13 09:12:39",20,170,3.9742358,1,18,14,4,2
1649841219,"2022-04-13 09:13:39",20,168,15.314698,2.514482,18,13,15,5
1649841279,"2022-04-13 09:14:39",20,171,3.514482,1,18,14,4,2
1649841339,"2022-04-13 09:15:39",20,170,2,1,18,14,2,2
1649841399,"2022-04-13 09:16:39",19,170,2,1,18,14,2,2
1649841459,"2022-04-13 09:17:39",20,170,2,1,18,14,2,2
1649841519,"2022-04-13 09:18:39",19,170,2,1,18,14,2,2
1649841579,"2022-04-13 09:19:39",19,169,2,1,18,14,2,2
1649841639,"2022-04-13 09:20:39",19,173,2,1,18,14,2,2
1649841699,"2022-04-13 09:21:39",20,171,2,1,18,14,2,2
1649841759,"2022-04-13 09:22:39",19,170,2,1,18,14,2,2
1649841819,"2022-04-13 09:23:39",19,173,2,1,18,14,2,2
1649841879,"2022-04-13 09:24:39",20,171,10.281423,1.2927701,18,14,10,3
1649841939,"2022-04-13 09:25:39",19,170,2.2927701,1,18,14,2,2
1649841999,"2022-04-13 09:26:39",20,171,2,1,18,14,2,2
1649842059,"2022-04-13 09:27:39",19,169,2,1,18,14,2,2
1649842119,"2022-04-13 09:28:39",19,171,2,1,18,14,2,2
1649842179,"2022-04-13 09:29:39",19,168,2,1,18,13,2,2
1649842239,"2022-04-13 09:30:39",19,170,24.925423,3.8760629,18,14,25,8
1649842299,"2022-04-13 09:31:39",19,169,4.876063,1,18,14,5,2
1649842359,"2022-04-13 09:32:39",19,172,2,1,18,14,2,2
1649842419,"2022-04-13 09:33:39",19,172,2,1,18,14,2,2
1649842479,"2022-04-13 09:34:39",19,171,2,1,18,14,2,2
1649842539,"2022-04-13 09:35:39",19,172,2,1,18,14,2,2
1649842599,"2022-04-13 09:36:39",19,172,25.284058,3.3788288,18,14,25,7
1649842659,"2022-04-13 09:37:39",19,171,13.808328,1.2183974,18,14,14,2
1649842719,"2022-04-13 09:38:39",19,172,18.32009,4.158056,18,14,18,8
1649842779,"2022-04-13 09:39:39",19,172,5.158056,1,18,14,5,2
1649842839,"2022-04-13 09:40:39",19,171,2,1,18,14,2,2
1649842899,"2022-04-13 09:41:39",18,172,2,1,17,14,2,2
1649842959,"2022-04-13 09:42:39",18,172,24.063173,4.957048,17,14,24,10
1649843019,"2022-04-13 09:43:39",19,171,5.957048,1,18,14,6,2
1649843079,"2022-04-13 09:44:39",19,172,11.324849,1.2507316,18,14,11,3
1649843139,"2022-04-13 09:45:39",19,171,2.2507315,1,18,14,2,2
1649843199,"2022-04-13 09:46:39",18,168,2,1,17,13,2,2
1649843259,"2022-04-13 09:47:39",18,168,2,1,17,13,2,2
1649843319,"2022-04-13 09:48:39",19,170,26.59307,4.667889,18,14,27,9
1649843379,"2022-04-13 09:49:39",18,172,30.50276,5.176781,17,14,31,10
1649843439,"2022-04-13 09:50:39",18,169,6.176781,1,17,14,6,2
1649843499,"2022-04-13 09:51:39",18,171,2,1,17,14,2,2
1649843559,"2022-04-13 09:52:39",19,170,21.023914,3.1995218,18,14,21,6
1649843619,"2022-04-13 09:53:39",18,169,11.938169,1,17,14,12,2
1649843679,"2022-04-13 09:54:39",19,168,15.2863655,2.7502992,18,13,15,6
1649843739,"2022-04-13 09:55:39",19,170,3.7502992,1,18,14,4,2
1649843799,"2022-04-13 09:56:39",19,168,22.759764,4.758493,18,13,23,10
1649843859,"2022-04-13 09:57:39",18,172,5.758493,1,17,14,6,2
1649843919,"2022-04-13 09:58:39",19,172,34.35063,5.473908,18,14,34,11
1649843979,"2022-04-13 09:59:39",19,172,6.473908,1,18,14,6,2
1649844039,"2022-04-13 10:00:39",19,172,22.37206,3.255217,18,14,22,7
1649844099,"2022-04-13 10:01:39",19,168,4.255217,1,18,13,4,2
1649844159,"2022-04-13 10:02:39",18,166,2,1,17,13,2,2
1649844219,"2022-04-13 10:03:39",19,170,2,1,18,14,2,2
1649844279,"2022-04-13 10:04:39",19,169,15.440655,2.5221684,18,14,15,5
1649844339,"2022-04-13 10:05:39",19,168,3.5221684,1,18,13,4,2
1649844399,"2022-04-13 10:06:39",18,170,2,1,17,14,2,2
1649844459,"2022-04-13 10:07:39",19,170,2,1,18,14,2,2
1649844519,"2022-04-13 10:08:39",19,169,2,1,18,14,2,2
1649844579,"2022-04-13 10:09:39",18,170,13.257544,2.7854798,17,14,13,6
1649844639,"2022-04-13 10:10:39",19,170,3.7854798,1,18,14,4,2
1649844699,"2022-04-13 10:11:39",18,172,2,1,17,14,2,2
1649844759,"2022-04-13 10:12:39",18,172,2,1,17,14,2,2
1649844819,"2022-04-13 10:13:39",18,171,2,1,17,14,2,2
1649844879,"2022-04-13 10:14:39",18,168,2,1,17,13,2,2
1649844939,"2022-04-13 10:15:39",18,168,2,1,17,13,2,2
1649844999,"2022-04-13 10:16:39",18,170,2,1,17,14,2,2
1649845059,"2022-04-13 10:17:39",18,169,2,1,17,14,2,2
1649845119,"2022-04-13 10:18:39",18,170,2,1,17,14,2,2
1649845179,"2022-04-13 10:19:39",18,170,2,1,17,14,2,2
1649845239,"2022-04-13 10:20:39",18,172,2,1,17,14,2,2
1649845299,"2022-04-13 10:21:39",18,170,2,1,17,14,2,2
1649845359,"2022-04-13 10:22:39",18,172,16.323965,1,17,14,16,2
1649845419,"2022-04-13 10:23:39",18,173,2,1,17,14,2,2
1649845479,"2022-04-13 10:24:39",18,170,2,1,17,14,2,2
1649845539,"2022-04-13 10:25:39",18,172,2,1,17,14,2,2
1649845599,"2022-04-13 10:26:39",19,171,2,1,18,14,2,2
1649845659,"2022-04-13 10:27:39",18,169,23.39452,4.9565125,17,14,23,10
1649845719,"2022-04-13 10:28:39",18,174,5.9565125,1,17,14,6,2
1649845779,"2022-04-13 10:29:39",19,171,2,1,18,14,2,2
1649845839,"2022-04-13 10:30:39",18,169,2,1,17,14,2,2
1649845899,"2022-04-13 10:31:39",18,169,2,1,17,14,2,2
1649845959,"2022-04-13 10:32:39",18,173,2,1,17,14,2,2
1649846019,"2022-04-13 10:33:39",18,172,2,1,17,14,2,2
1649846079,"2022-04-13 10:34:39",18,171,2,1,17,14,2,2
1649846139,"2022-04-13 10:35:39",18,171,2,1,17,14,2,2
1649846199,"2022-04-13 10:36:39",18,174,2,1,17,14,2,2
1649846259,"2022-04-13 10:37:39",18,172,2,1,17,14,2,2
1649846319,"2022-04-13 10:38:39",18,170,10.151148,1.8169408,17,14,10,4
1649846379,"2022-04-13 10:39:39",18,172,2.8169408,1,17,14,3,2
1649846439,"2022-04-13 10:40:39",18,171,2,1,17,14,2,2
1649846499,"2022-04-13 10:41:39",18,170,2,1,17,14,2,2
1649846559,"2022-04-13 10:42:39",18,171,13.292358,2.4765017,17,14,13,5
1649846619,"2022-04-13 10:43:39",18,171,3.4765017,1,17,14,3,2
1649846679,"2022-04-13 10:44:39",18,169,2,1,17,14,2,2
1649846739,"2022-04-13 10:45:39",18,172,2,1,17,14,2,2
1649846799,"2022-04-13 10:46:39",18,173,2,1,17,14,2,2
1649846859,"2022-04-13 10:47:39",18,174,2,1,17,14,2,2
1649846919,"2022-04-13 10:48:39",18,173,2,1,17,14,2,2
1649846979,"2022-04-13 10:49:39",18,174,2,1,17,14,2,2
1649847039,"2022-04-13 10:50:39",18,169,2,1,17,14,2,2
1649847099,"2022-04-13 10:51:39",18,173,2,1,17,14,2,2
1649847159,"2022-04-13 10:52:39",18,171,2,1,17,14,2,2
1649847219,"2022-04-13 10:53:39",18,169,2,1,17,14,2,2
1649847279,"2022-04-13 10:54:39",18,171,2,1,17,14,2,2
1649847339,"2022-04-13 10:55:39",18,173,2,1,17,14,2,2
1649847399,"2022-04-13 10:56:39",18,171,2,1,17,14,2,2
1649847459,"2022-04-13 10:57:39",18,172,24.149334,2.9412427,17,14,24,6
1649847519,"2022-04-13 10:58:39",18,173,3.9412427,1,17,14,4,2
1649847579,"2022-04-13 10:59:39",18,174,2,1,17,14,2,2
1649847639,"2022-04-13 11:00:39",18,172,2,1,17,14,2,2
1649847699,"2022-04-13 11:01:39",18,173,2,1,17,14,2,2
1649847759,"2022-04-13 11:02:39",18,170,2,1,17,14,2,2
1649847819,"2022-04-13 11:03:39",18,173,2,1,17,14,2,2
1649847879,"2022-04-13 11:04:39",18,173,2,1,17,14,2,2
1649847939,"2022-04-13 11:05:39",18,172,2,1,17,14,2,2
1649847999,"2022-04-13 11:06:39",18,172,2,1,17,14,2,2
1649848059,"2022-04-13 11:07:39",18,171,2,1,17,14,2,2
1649848119,"2022-04-13 11:08:39",18,172,2,1,17,14,2,2
1649848179,"2022-04-13 11:09:39",18,175,2,1,17,14,2,2
1649848239,"2022-04-13 11:10:39",18,174,2,1,17,14,2,2
1649848299,"2022-04-13 11:11:39",18,174,2,1,17,14,2,2
1649848359,"2022-04-13 11:12:39",18,170,17.038767,2.9431527,17,14,17,6
1649848419,"2022-04-13 11:13:39",18,173,3.9431527,1,17,14,4,2
1649848479,"2022-04-13 11:14:39",18,172,2,1,17,14,2,2
1649848539,"2022-04-13 11:15:39",18,172,2,1,17,14,2,2
1649848599,"2022-04-13 11:16:39",18,172,2,1,17,14,2,2
1649848659,"2022-04-13 11:17:39",18,174,2,1,17,14,2,2
1649848719,"2022-04-13 11:18:39",18,170,2,1,17,14,2,2
1649848779,"2022-04-13 11:19:39",18,171,21.525091,2.712789,17,14,22,5
1649848839,"2022-04-13 11:20:39",18,174,3.712789,1,17,14,4,2
1649848899,"2022-04-13 11:21:39",18,171,2,1,17,14,2,2
1649848959,"2022-04-13 11:22:39",18,172,2,1,17,14,2,2
1649849019,"2022-04-13 11:23:39",18,172,2,1,17,14,2,2
1649849079,"2022-04-13 11:24:39",18,170,2,1,17,14,2,2
1649849139,"2022-04-13 11:25:39",18,173,8.373718,1.1752882,17,14,8,2
1649849199,"2022-04-13 11:26:39",18,174,2.1752882,1,17,14,2,2
1649849259,"2022-04-13 11:27:39",18,170,2,1,17,14,2,2
1649849319,"2022-04-13 11:28:39",18,172,2,1,17,14,2,2
1649849379,"2022-04-13 11:29:39",18,173,2,1,17,14,2,2
1649849439,"2022-04-13 11:30:39",18,173,2,1,17,14,2,2
1649849499,"2022-04-13 11:31:39",18,173,2,1,17,14,2,2
1649849559,"2022-04-13 11:32:39",18,169,2,1,17,14,2,2
1649849619,"2022-04-13 11:33:39",18,171,19.083769,4.327969,17,14,19,9
1649849679,"2022-04-13 11:34:39",18,172,5.327969,1,17,14,5,2
1649849739,"2022-04-13 11:35:39",18,173,2,1,17,14,2,2
1649849799,"2022-04-13 11:36:39",18,170,2,1,17,14,2,2
1649849859,"2022-04-13 11:37:39",18,168,13.673952,1.1872288,17,13,14,2
1649849919,"2022-04-13 11:38:39",18,170,2.1872287,1,17,14,2,2
1649849979,"2022-04-13 11:39:39",18,169,2,1,17,14,2,2
1649850039,"2022-04-13 11:40:39",18,171,2,1,17,14,2,2
1649850099,"2022-04-13 11:41:39",18,172,2,1,17,14,2,2
1649850159,"2022-04-13 11:42:39",18,172,2,1,17,14,2,2
1649850219,"2022-04-13 11:43:39",18,172,10.301774,1,17,14,10,2
1649850279,"2022-04-13 11:44:39",18,173,2,1,17,14,2,2
1649850339,"2022-04-13 11:45:39",18,170,2,1,17,14,2,2
1649850399,"2022-04-13 11:46:39",18,171,2,1,17,14,2,2
1649850459,"2022-04-13 11:47:39",18,173,2,1,17,14,2,2
1649850519,"2022-04-13 11:48:39",18,174,17.825521,2.3786428,17,14,18,5
1649850579,"2022-04-13 11:49:39",18,172,3.3786428,1,17,14,3,2
1649850639,"2022-04-13 11:50:39",18,172,2,1,17,14,2,2
1649850699,"2022-04-13 11:51:39",18,172,2,1,17,14,2,2
1649850759,"2022-04-13 11:52:39",18,171,2,1,17,14,2,2
1649850819,"2022-04-13 11:53:39",18,174,2,1,17,14,2,2
1649850879,"2022-04-13 11:54:39",18,172,2,1,17,14,2,2
1649850939,"2022-04-13 11:55:39",18,171,2,1,17,14,2,2
1649850999,"2022-04-13 11:56:39",18,171,2,1,17,14,2,2
1649851059,"2022-04-13 11:57:39",18,174,2,1,17,14,2,2
1649851119,"2022-04-13 11:58:39",18,174,2,1,17,14,2,2
1649851179,"2022-04-13 11:59:39",18,174,2,1,17,14,2,2
1649851239,"2022-04-13 12:00:39",18,172,2,1,17,14,2,2
1649851299,"2022-04-13 12:01:39",18,173,2,1,17,14,2,2
1649851359,"2022-04-13 12:02:39",18,174,2,1,17,14,2,2
1649851419,"2022-04-13 12:03:39",18,169,2,1,17,14,2,2
1649851479,"2022-04-13 12:04:39",18,174,2,1,17,14,2,2
1649851539,"2022-04-13 12:05:39",17,175,21.033424,4.2531095,16,14,21,9
1649851599,"2022-04-13 12:06:39",17,173,5.2531095,1,16,14,5,2
1649851659,"2022-04-13 12:07:39",18,172,2,1,17,14,2,2
1649851719,"2022-04-13 12:08:39",17,173,10.22518,1.1762228,16,14,10,2
1649851779,"2022-04-13 12:09:39",18,173,2.1762228,1,17,14,2,2
1649851839,"2022-04-13 12:10:39",17,172,2,1,16,14,2,2
1649851899,"2022-04-13 12:11:39",17,175,2,1,16,14,2,2
1649851959,"2022-04-13 12:12:39",17,174,2,1,16,14,2,2
1649852019,"2022-04-13 12:13:39",17,172,2,1,16,14,2,2
1649852079,"2022-04-13 12:14:39",17,175,2,1,16,14,2,2
1649852139,"2022-04-13 12:15:39",17,173,2,1,16,14,2,2
1649852199,"2022-04-13 12:16:39",17,175,2,1,16,14,2,2
1649852259,"2022-04-13 12:17:39",17,173,2,1,16,14,2,2
1649852319,"2022-04-13 12:18:39",17,174,2,1,16,14,2,2
1649852379,"2022-04-13 12:19:39",17,172,2,1,16,14,2,2
1649852439,"2022-04-13 12:20:39",17,173,2,1,16,14,2,2
1649852499,"2022-04-13 12:21:39",17,172,2,1,16,14,2,2
1649852559,"2022-04-13 12:22:39",17,176,2,1,16,14,2,2
1649852619,"2022-04-13 12:23:39",17,177,20.120983,2.6652095,16,14,20,5
1649852679,"2022-04-13 12:24:39",17,174,3.6652095,1,16,14,4,2
1649852739,"2022-04-13 12:25:39",17,177,2,1,16,14,2,2
1649852799,"2022-04-13 12:26:39",17,173,15.573917,1.8287234,16,14,16,4
1649852859,"2022-04-13 12:27:39",16,175,2.8287234,1,15,14,3,2
1649852919,"2022-04-13 12:28:39",17,174,2,1,16,14,2,2
1649852979,"2022-04-13 12:29:39",17,173,2,1,16,14,2,2
1649853039,"2022-04-13 12:30:39",16,174,2,1,15,14,2,2
1649853099,"2022-04-13 12:31:39",16,178,22.621176,2.617306,15,14,23,5
1649853159,"2022-04-13 12:32:39",16,177,3.617306,1,15,14,4,2
1649853219,"2022-04-13 12:33:39",16,173,2,1,15,14,2,2
1649853279,"2022-04-13 12:34:39",16,174,2,1,15,14,2,2
1649853339,"2022-04-13 12:35:39",16,176,2,1,15,14,2,2
1649853399,"2022-04-13 12:36:39",16,175,2,1,15,14,2,2
1649853459,"2022-04-13 12:37:39",16,172,2,1,15,14,2,2
1649853519,"2022-04-13 12:38:39",16,174,13.53612,1.6280056,15,14,14,3
1649853579,"2022-04-13 12:39:39",16,174,2.6280055,1,15,14,3,2
1649853639,"2022-04-13 12:40:39",16,173,2,1,15,14,2,2
1649853699,"2022-04-13 12:41:39",16,174,2,1,15,14,2,2
1649853759,"2022-04-13 12:42:39",16,174,2,1,15,14,2,2
1649853819,"2022-04-13 12:43:39",16,175,2,1,15,14,2,2
1649853879,"2022-04-13 12:44:39",16,173,2,1,15,14,2,2
1649853939,"2022-04-13 12:45:39",16,175,2,1,15,14,2,2
1649853999,"2022-04-13 12:46:39",15,176,2,1,14,14,2,2
1649854059,"2022-04-13 12:47:39",16,178,2,1,15,14,2,2
1649854119,"2022-04-13 12:48:39",16,172,17.457695,1.8872501,15,14,17,4
1649854179,"2022-04-13 12:49:39",16,174,2.88725,1,15,14,3,2
1649854239,"2022-04-13 12:50:39",16,174,2,1,15,14,2,2
1649854299,"2022-04-13 12:51:39",16,173,2,1,15,14,2,2
1649854359,"2022-04-13 12:52:39",16,173,2,1,15,14,2,2
1649854419,"2022-04-13 12:53:39",15,174,2,1,14,14,2,2
1649854479,"2022-04-13 12:54:39",15,172,2,1,14,14,2,2
1649854539,"2022-04-13 12:55:39",16,175,2,1,15,14,2,2
1649854599,"2022-04-13 12:56:39",16,176,2,1,15,14,2,2
1649854659,"2022-04-13 12:57:39",16,175,2,1,15,14,2,2
1649854719,"2022-04-13 12:58:39",16,174,2,1,15,14,2,2
1649854779,"2022-04-13 12:59:39",15,175,2,1,14,14,2,2
1649854839,"2022-04-13 13:00:39",15,173,2,1,14,14,2,2
1649854899,"2022-04-13 13:01:39",16,173,2,1,15,14,2,2
1649854959,"2022-04-13 13:02:39",16,173,2,1,15,14,2,2
1649855019,"2022-04-13 13:03:39",16,173,2,1,15,14,2,2
1649855079,"2022-04-13 13:04:39",16,175,2,1,15,14,2,2
1649855139,"2022-04-13 13:05:39",15,176,2,1,14,14,2,2
1649855199,"2022-04-13 13:06:39",16,175,26.05674,4.3125167,15,14,26,9
1649855259,"2022-04-13 13:07:39",15,172,5.3125167,1,14,14,5,2
1649855319,"2022-04-13 13:08:39",15,175,2,1,14,14,2,2
1649855379,"2022-04-13 13:09:39",16,176,2,1,15,14,2,2
1649855439,"2022-04-13 13:10:39",16,174,2,1,15,14,2,2
1649855499,"2022-04-13 13:11:39",15,175,2,1,14,14,2,2
1649855559,"2022-04-13 13:12:39",15,174,2,1,14,14,2,2
1649855619,"2022-04-13 13:13:39",16,174,2,1,15,14,2,2
1649855679,"2022-04-13 13:14:39",15,174,2,1,14,14,2,2
1649855739,"2022-04-13 13:15:39",15,174,2,1,14,14,2,2
1649855799,"2022-04-13 13:16:39",15,173,2,1,14,14,2,2
1649855859,"2022-04-13 13:17:39",16,173,2,1,15,14,2,2
1649855919,"2022-04-13 13:18:39",15,174,2,1,14,14,2,2
1649855979,"2022-04-13 13:19:39",15,170,2,1,14,14,2,2
1649856039,"2022-04-13 13:20:39",15,175,2,1,14,14,2,2
1649856099,"2022-04-13 13:21:39",15,176,2,1,14,14,2,2
1649856159,"2022-04-13 13:22:39",15,176,2,1,14,14,2,2
1649856219,"2022-04-13 13:23:39",15,173,2,1,14,14,2,2
1649856279,"2022-04-13 13:24:39",15,173,2,1,14,14,2,2
1649856339,"2022-04-13 13:25:39",15,175,2,1,14,14,2,2
1649856399,"2022-04-13 13:26:39",15,176,17.810997,2.9724066,14,14,18,6
1649856459,"2022-04-13 13:27:39",15,175,3.9724066,1,14,14,4,2
1649856519,"2022-04-13 13:28:39",15,171,24.213333,2.894335,14,14,24,6
1649856579,"2022-04-13 13:29:39",16,175,17.138296,2.5022168,15,14,17,5
1649856639,"2022-04-13 13:30:39",15,173,3.5022168,1,14,14,4,2
1649856699,"2022-04-13 13:31:39",15,173,2,1,14,14,2,2
1649856759,"2022-04-13 13:32:39",16,178,2,1,15,14,2,2
1649856819,"2022-04-13 13:33:39",16,176,2,1,15,14,2,2
1649856879,"2022-04-13 13:34:39",16,175,2,1,15,14,2,2
1649856939,"2022-04-13 13:35:39",16,175,2,1,15,14,2,2
1649856999,"2022-04-13 13:36:39",16,173,2,1,15,14,2,2
1649857059,"2022-04-13 13:37:39",16,171,19.539032,4.094032,15,14,20,8
1649857119,"2022-04-13 13:38:39",16,172,5.094032,1,15,14,5,2
1649857179,"2022-04-13 13:39:39",16,168,31.300655,6.357977,15,13,31,13
1649857239,"2022-04-13 13:40:39",16,168,32.35641,5.4337964,15,13,32,11
1649857299,"2022-04-13 13:41:39",16,166,6.4337964,1,15,13,6,2
1649857359,"2022-04-13 13:42:39",16,170,2,1,15,14,2,2
1649857419,"2022-04-13 13:43:39",16,169,2,1,15,14,2,2
1649857479,"2022-04-13 13:44:39",17,167,2,1,16,13,2,2
1649857539,"2022-04-13 13:45:39",16,169,2,1,15,14,2,2
1649857599,"2022-04-13 13:46:39",17,170,2,1,16,14,2,2
1649857659,"2022-04-13 13:47:39",17,170,40.128315,6.4003124,16,14,40,13
1649857719,"2022-04-13 13:48:39",17,169,25.997295,2.990168,16,14,26,6
1649857779,"2022-04-13 13:49:39",17,169,3.990168,1,16,14,4,2
1649857839,"2022-04-13 13:50:39",17,171,2,1,16,14,2,2
1649857899,"2022-04-13 13:51:39",17,171,2,1,16,14,2,2
1649857959,"2022-04-13 13:52:39",17,170,20.869612,3.893382,16,14,21,8
1649858019,"2022-04-13 13:53:39",17,168,4.893382,1,16,13,5,2
1649858079,"2022-04-13 13:54:39",17,171,2,1,16,14,2,2
1649858139,"2022-04-13 13:55:39",17,170,27.286621,5.3880625,16,14,27,11
1649858199,"2022-04-13 13:56:39",17,170,6.3880625,1,16,14,6,2
1649858259,"2022-04-13 13:57:39",17,168,28.166302,5.0632,16,13,28,10
1649858319,"2022-04-13 13:58:39",17,170,6.0632,1,16,14,6,2
1649858379,"2022-04-13 13:59:39",16,171,2,1,15,14,2,2
1649858439,"2022-04-13 14:00:39",17,171,14.554904,2.4510217,16,14,15,5
1649858499,"2022-04-13 14:01:39",17,171,3.4510217,1,16,14,3,2
1649858559,"2022-04-13 14:02:39",17,178,2,1,16,14,2,2
1649858619,"2022-04-13 14:03:39",17,177,2,1,16,14,2,2
1649858679,"2022-04-13 14:04:39",17,178,2,1,16,14,2,2
1649858739,"2022-04-13 14:05:39",17,183,27.032803,4.3627863,16,15,27,9
1649858799,"2022-04-13 14:06:39",17,189,25.858559,3.9226046,16,15,26,8
1649858859,"2022-04-13 14:07:39",17,185,21.68594,2.9585001,16,15,22,6
1649858919,"2022-04-13 14:08:39",17,186,20.13207,7.761388,16,15,20,16
1649858979,"2022-04-13 14:09:39",17,185,31.80909,5.4330206,16,15,32,11
1649859039,"2022-04-13 14:10:39",17,187,6.4330206,1,16,15,6,2
1649859099,"2022-04-13 14:11:39",17,187,19.785059,8.178509,16,15,20,16
1649859159,"2022-04-13 14:12:39",17,183,31.10627,6.114141,16,15,31,12
1649859219,"2022-04-13 14:13:39",17,187,7.114141,1,16,15,7,2
1649859279,"2022-04-13 14:14:39",17,183,28.121708,5.5503798,16,15,28,11
1649859339,"2022-04-13 14:15:39",17,183,27.633503,8.173127,16,15,28,16
1649859399,"2022-04-13 14:16:39",17,186,9.173127,1,16,15,9,2
1649859459,"2022-04-13 14:17:39",17,184,30.394033,6.561004,16,15,30,13
1649859519,"2022-04-13 14:18:39",17,185,7.561004,1,16,15,8,2
1649859579,"2022-04-13 14:19:39",17,185,21.587955,12.582155,16,15,22,25
1649859639,"2022-04-13 14:20:39",18,186,13.582155,1,17,15,14,2
1649859699,"2022-04-13 14:21:39",17,181,17.1699,2.6602767,16,14,17,5
1649859759,"2022-04-13 14:22:39",17,183,3.6602767,1,16,15,4,2
1649859819,"2022-04-13 14:23:39",17,180,2,1,16,14,2,2
1649859879,"2022-04-13 14:24:39",17,178,2,1,16,14,2,2
1649859939,"2022-04-13 14:25:39",17,182,2,1,16,15,2,2
1649859999,"2022-04-13 14:26:39",17,182,2,1,16,15,2,2
1649860059,"2022-04-13 14:27:39",17,181,25.683325,4.090007,16,14,26,8
1649860119,"2022-04-13 14:28:39",17,179,5.090007,1,16,14,5,2
1649860179,"2022-04-13 14:29:39",17,181,2,1,16,14,2,2
1649860239,"2022-04-13 14:30:39",18,180,2,1,17,14,2,2
1649860299,"2022-04-13 14:31:39",18,182,2,1,17,15,2,2
1649860359,"2022-04-13 14:32:39",18,184,2,1,17,15,2,2
1649860419,"2022-04-13 14:33:39",18,182,2,1,17,15,2,2
1649860479,"2022-04-13 14:34:39",17,184,2,1,16,15,2,2
1649860539,"2022-04-13 14:35:39",17,182,2,1,16,15,2,2
1649860599,"2022-04-13 14:36:39",17,181,2,1,16,14,2,2
1649860659,"2022-04-13 14:37:39",17,179,2,1,16,14,2,2
1649860719,"2022-04-13 14:38:39",17,183,2,1,16,15,2,2
1649860779,"2022-04-13 14:39:39",17,177,2,1,16,14,2,2
1649860839,"2022-04-13 14:40:39",18,185,11.728703,1.0466815,16,15,12,2
1649860899,"2022-04-13 14:41:39",18,186,2.0466814,1,16,15,2,2
1649860959,"2022-04-13 14:42:39",17,180,2,1,16,14,2,2
1649861019,"2022-04-13 14:43:39",17,184,2,1,16,15,2,2
1649861079,"2022-04-13 14:44:39",17,183,2,1,16,15,2,2
1649861139,"2022-04-13 14:45:39",17,184,28.407063,4.949713,16,15,28,10
1649861199,"2022-04-13 14:46:39",17,183,5.949713,1,16,15,6,2
1649861259,"2022-04-13 14:47:39",17,182,2,1,16,15,2,2
1649861319,"2022-04-13 14:48:39",17,183,23.021248,3.7271879,16,15,23,7
1649861379,"2022-04-13 14:49:39",17,185,4.727188,1,16,15,5,2
1649861439,"2022-04-13 14:50:39",17,183,2,1,16,15,2,2
1649861499,"2022-04-13 14:51:39",17,180,2,1,16,14,2,2
1649861559,"2022-04-13 14:52:39",17,180,17.941942,1.8111297,16,14,18,4
1649861619,"2022-04-13 14:53:39",17,181,2.8111296,1,16,14,3,2
1649861679,"2022-04-13 14:54:39",17,182,2,1,16,15,2,2
1649861739,"2022-04-13 14:55:39",17,179,2,1,16,14,2,2
1649861799,"2022-04-13 14:56:39",17,178,2,1,16,14,2,2
1649861859,"2022-04-13 14:57:39",18,180,2,1,16,14,2,2
1649861919,"2022-04-13 14:58:39",18,183,2,1,16,15,2,2
1649861979,"2022-04-13 14:59:39",17,179,2,1,16,14,2,2
1649862039,"2022-04-13 15:00:39",17,178,2,1,16,14,2,2
1649862099,"2022-04-13 15:01:39",18,178,2,1,16,14,2,2
1649862159,"2022-04-13 15:02:39",18,178,2,1,16,14,2,2
1649862219,"2022-04-13 15:03:39",18,177,2,1,16,14,2,2
1649862279,"2022-04-13 15:04:39",18,176,2,1,16,14,2,2
1649862339,"2022-04-13 15:05:39",18,177,2,1,16,14,2,2
1649862399,"2022-04-13 15:06:39",18,177,2,1,16,14,2,2
1649862459,"2022-04-13 15:07:39",17,179,2,1,16,14,2,2
1649862519,"2022-04-13 15:08:39",18,174,2,1,16,14,2,2
1649862579,"2022-04-13 15:09:39",18,177,2,1,16,14,2,2
1649862639,"2022-04-13 15:10:39",18,175,2,1,16,14,2,2
1649862699,"2022-04-13 15:11:39",18,174,2,1,16,14,2,2
1649862759,"2022-04-13 15:12:39",18,176,12.260415,1.7602746,16,14,12,4
1649862819,"2022-04-13 15:13:39",18,175,2.7602746,1,16,14,3,2
1649862879,"2022-04-13 15:14:39",18,174,2,1,16,14,2,2
1649862939,"2022-04-13 15:15:39",18,175,2,1,16,14,2,2
1649862999,"2022-04-13 15:16:39",18,173,2,1,16,14,2,2
1649863059,"2022-04-13 15:17:39",18,172,22.755499,2.7522073,16,14,23,6
1649863119,"2022-04-13 15:18:39",18,173,3.7522073,1,16,14,4,2
1649863179,"2022-04-13 15:19:39",18,173,2,1,16,14,2,2
1649863239,"2022-04-13 15:20:39",18,173,2,1,16,14,2,2
1649863299,"2022-04-13 15:21:39",18,174,2,1,16,14,2,2
1649863359,"2022-04-13 15:22:39",18,172,2,1,16,14,2,2
1649863419,"2022-04-13 15:23:39",18,174,26.77332,5.2900786,17,14,27,11
1649863479,"2022-04-13 15:24:39",18,174,6.2900786,1,17,14,6,2
1649863539,"2022-04-13 15:25:39",18,172,2,1,17,14,2,2
1649863599,"2022-04-13 15:26:39",18,173,2,1,17,14,2,2
1649863659,"2022-04-13 15:27:39",18,175,2,1,17,14,2,2
1649863719,"2022-04-13 15:28:39",18,175,2,1,17,14,2,2
1649863779,"2022-04-13 15:29:39",18,176,2,1,17,14,2,2
1649863839,"2022-04-13 15:30:39",18,172,2,1,17,14,2,2
1649863899,"2022-04-13 15:31:39",18,173,2,1,17,14,2,2
1649863959,"2022-04-13 15:32:39",18,173,2,1,17,14,2,2
1649864019,"2022-04-13 15:33:39",18,173,2,1,17,14,2,2
1649864079,"2022-04-13 15:34:39",18,172,2,1,17,14,2,2
1649864139,"2022-04-13 15:35:39",18,173,2,1,17,14,2,2
1649864199,"2022-04-13 15:36:39",18,171,2,1,17,14,2,2
1649864259,"2022-04-13 15:37:39",18,173,20.170506,,17,14,20,0
1650792611,"2022-04-24 09:30:11",0,0,,2.318821,0,0,0,5
1650792671,"2022-04-24 09:31:11",0,112,22.211311,7.5287833,0,9,22,15
1650792731,"2022-04-24 09:32:11",0,101,8.528784,1,0,8,9,2
1650792791,"2022-04-24 09:33:11",1,91,2,1,1,7,2,2
1650792851,"2022-04-24 09:34:11",3,84,2,1,2,7,2,2
1650792911,"2022-04-24 09:35:11",4,82,2,1,4,7,2,2
1650792971,"2022-04-24 09:36:11",5,80,2,1,5,6,2,2
1650793031,"2022-04-24 09:37:11",6,0,,,6,0,0,0
1650793091,"2022-04-24 09:38:11",8,80,2,1,7,6,2,2
1650793151,"2022-04-24 09:39:11",8,79,2,1,8,6,2,2
1650793211,"2022-04-24 09:40:11",10,78,23.590633,,9,6,24,0
1650793275,"2022-04-24 09:41:15",10,78,16.793617,1,9,6,17,2
1650793335,"2022-04-24 09:42:15",11,80,2,1,10,6,2,2
1650793395,"2022-04-24 09:43:15",12,80,2,1,11,6,2,2
1650793455,"2022-04-24 09:44:15",12,70,2,1,12,6,2,2
1650793515,"2022-04-24 09:45:15",13,65,2,1,12,5,2,2
1650793575,"2022-04-24 09:46:15",13,57,2,1,12,5,2,2
1650793635,"2022-04-24 09:47:15",15,43,2,42.51892,14,3,2,85
1650793695,"2022-04-24 09:48:15",17,39,57.895958,7.0395756,16,3,63,14
1650793755,"2022-04-24 09:49:15",18,36,8.039576,15.345106,16,3,8,31
1650793815,"2022-04-24 09:50:15",18,34,16.345106,1,17,3,16,2
1650793875,"2022-04-24 09:51:15",19,33,2,12.117255,18,3,2,24
1650793935,"2022-04-24 09:52:15",19,34,32.914474,6.5843225,18,3,33,13
1650793995,"2022-04-24 09:53:15",18,29,13.560764,10.470383,17,2,14,21
1650794055,"2022-04-24 09:54:15",16,28,20.010008,15.223196,15,2,20,30
1650794115,"2022-04-24 09:55:15",17,29,16.223196,11.519503,16,2,16,23
1650794175,"2022-04-24 09:56:15",17,29,39.17166,4.9607406,16,2,39,10
1650794235,"2022-04-24 09:57:15",16,30,28.069197,6.26384,15,2,28,13
1650794295,"2022-04-24 09:58:15",16,30,7.26384,11.021663,15,2,7,22
1650794355,"2022-04-24 09:59:15",14,32,29.844559,8.67632,13,3,30,17
1650794415,"2022-04-24 10:00:15",14,32,17.37829,9.271492,13,3,17,19
1650794475,"2022-04-24 10:01:15",14,32,26.21519,8.144756,14,3,26,16
1650794535,"2022-04-24 10:02:15",16,32,9.959526,12.9224205,15,3,10,26
1650794595,"2022-04-24 10:03:15",12,33,33.233036,8.63327,12,3,33,17
1650794655,"2022-04-24 10:04:15",11,33,9.63327,21.956617,11,3,10,44
1650794715,"2022-04-24 10:05:15",11,29,29.444563,15.919949,10,2,29,32
1650794775,"2022-04-24 10:06:15",12,32,16.919949,18.469692,11,3,17,37
1650794835,"2022-04-24 10:07:15",12,29,19.469692,22.844383,12,2,19,46
1650794895,"2022-04-24 10:08:15",10,29,23.844383,13.04834,9,2,24,26
1650794955,"2022-04-24 10:09:15",9,29,14.04834,1,9,2,14,2
1650795015,"2022-04-24 10:10:15",7,28,2,21.065237,6,2,2,42
1650795075,"2022-04-24 10:11:15",6,29,48.942554,7.691023,6,2,49,15
1650795135,"2022-04-24 10:12:15",9,32,43.992348,16.165894,9,3,44,32
1650795195,"2022-04-24 10:13:15",12,31,35.856255,13.441651,11,2,36,27
1650795255,"2022-04-24 10:14:15",13,30,33.991547,11.280006,12,2,34,23
1650795315,"2022-04-24 10:15:15",14,30,15.418767,11.2881775,14,2,15,23
1650795375,"2022-04-24 10:16:15",15,31,12.2881775,23.07489,14,2,12,46
1650795435,"2022-04-24 10:17:15",18,32,40.205982,7.8108225,17,3,40,16
1650795495,"2022-04-24 10:18:15",18,34,32.12618,7.657371,17,3,32,15
1650795555,"2022-04-24 10:19:15",17,33,13.641263,9.285989,16,3,14,19
1650795615,"2022-04-24 10:20:15",14,30,32.8301,6.8681746,14,2,33,14
1650795675,"2022-04-24 10:21:15",14,35,32.085896,8.37169,14,3,32,17
1650795735,"2022-04-24 10:22:15",14,38,9.471821,12.669868,14,3,9,25
1650795795,"2022-04-24 10:23:15",16,41,27.525917,9.138739,15,3,28,18
1650795855,"2022-04-24 10:24:15",16,45,27.112514,7.7850394,15,4,27,16
1650795915,"2022-04-24 10:25:15",14,43,8.78504,1,14,3,9,2
1650795975,"2022-04-24 10:26:15",17,54,13.129046,8.764742,16,4,13,18
1650796035,"2022-04-24 10:27:15",15,54,43.860954,8.490932,14,4,44,17
1650796095,"2022-04-24 10:28:15",13,46,9.490932,1,13,4,9,2
1650796155,"2022-04-24 10:29:15",11,46,4.0193014,9.613634,10,4,4,19
1650796215,"2022-04-24 10:30:15",10,53,28.197578,8.9649515,10,4,28,18
1650796275,"2022-04-24 10:31:15",9,50,9.9649515,10.067252,8,4,10,20
1650796335,"2022-04-24 10:32:15",8,49,11.067252,1,7,4,11,2
1650796395,"2022-04-24 10:33:15",7,55,39.63376,6.2884283,6,4,40,13
1650796455,"2022-04-24 10:34:15",8,60,7.2884283,1,7,5,7,2
1650796515,"2022-04-24 10:35:15",8,65,2,1,8,5,2,2
1650796575,"2022-04-24 10:36:15",6,57,2,1,5,5,2,2
1650796635,"2022-04-24 10:37:15",2,53,73.44175,14.101475,2,4,89,28
1650796695,"2022-04-24 10:38:15",1,53,97.13971,18.6026,1,4,111,37
1650796755,"2022-04-24 10:39:15",2,58,19.6026,1,2,5,20,2
1650796815,"2022-04-24 10:40:15",2,59,6.801108,1,2,5,7,2
1650796875,"2022-04-24 10:41:15",3,63,2,1,3,5,2,2
1650796935,"2022-04-24 10:42:15",0,61,9.3782215,1.962014,0,5,9,4
1650796995,"2022-04-24 10:43:15",0,61,2.962014,1,0,5,3,2
1650797055,"2022-04-24 10:44:15",0,67,2,1,0,5,2,2
1650797115,"2022-04-24 10:45:15",0,75,2,1,0,6,2,2
1650797175,"2022-04-24 10:46:15",0,81,2,1,0,6,2,2
1650797235,"2022-04-24 10:47:15",0,75,2,1,0,6,2,2
1650797295,"2022-04-24 10:48:15",0,0,,,0,0,0,0
1650797355,"2022-04-24 10:49:15",0,67,5.066902,1,0,5,5,2
1650797415,"2022-04-24 10:50:15",0,56,2,1,0,4,2,2
1650797475,"2022-04-24 10:51:15",0,57,2,1,0,5,2,2
1650797535,"2022-04-24 10:52:15",0,53,2,1,0,4,2,2
1650797595,"2022-04-24 10:53:15",0,50,2,1,0,4,2,2
1650797655,"2022-04-24 10:54:15",0,52,2,1,0,4,2,2
1650797715,"2022-04-24 10:55:15",0,51,2,1,0,4,2,2
1650797775,"2022-04-24 10:56:15",0,50,2,1,0,4,2,2
1650797835,"2022-04-24 10:57:15",0,52,2,1,0,4,2,2
1650797895,"2022-04-24 10:58:15",0,50,2,1,0,4,2,2
1650797955,"2022-04-24 10:59:15",0,45,2,1,0,4,2,2
1650798015,"2022-04-24 11:00:15",0,47,2,1,0,4,2,2
1650798075,"2022-04-24 11:01:15",0,0,,,0,0,0,0
1650798135,"2022-04-24 11:02:15",0,50,2,1,0,4,2,2
1650798195,"2022-04-24 11:03:15",0,54,2,1,0,4,2,2
1650798255,"2022-04-24 11:04:15",0,53,2,1,0,4,2,2
1650798315,"2022-04-24 11:05:15",0,52,2,1,0,4,2,2
1650798375,"2022-04-24 11:06:15",0,52,2,1,0,4,2,2
1650798435,"2022-04-24 11:07:15",0,48,2,1,0,4,2,2
1650798495,"2022-04-24 11:08:15",0,59,2,1,0,5,2,2
1650798555,"2022-04-24 11:09:15",0,58,2,1,0,5,2,2
1650798615,"2022-04-24 11:10:15",0,55,2,1,0,4,2,2
1650798675,"2022-04-24 11:11:15",0,54,8.854643,1.6906966,0,4,9,3
1650798735,"2022-04-24 11:12:15",0,68,2.6906967,1,0,5,3,2
1650798795,"2022-04-24 11:13:15",0,75,2,1,0,6,2,2
1650798855,"2022-04-24 11:14:15",0,86,2,1,0,7,2,2
1650798915,"2022-04-24 11:15:15",0,97,2,1,0,8,2,2
1650798975,"2022-04-24 11:16:15",0,98,2,1,0,8,2,2
1650799035,"2022-04-24 11:17:15",0,96,2,1,0,8,2,2
1650799095,"2022-04-24 11:18:15",0,99,2,1,0,8,2,2
1650799155,"2022-04-24 11:19:15",0,109,2,21.341831,0,9,2,43
1650799215,"2022-04-24 11:20:15",0,116,22.341831,1,0,9,22,2
1650799275,"2022-04-24 11:21:15",0,129,2,1,0,10,2,2
1650799335,"2022-04-24 11:22:15",0,135,2,61.99306,0,11,2,112
1650799395,"2022-04-24 11:23:15",0,143,62.99306,77.483604,0,11,72,127
1650799455,"2022-04-24 11:24:15",0,146,78.483604,64.78454,0,12,97,115
1650799515,"2022-04-24 11:25:15",0,145,65.78454,50.03204,0,12,76,100
1650799575,"2022-04-24 11:26:15",0,137,51.03204,1,0,11,52,2
1650799635,"2022-04-24 11:27:15",0,116,2,1,0,9,2,2
1650799695,"2022-04-24 11:28:15",0,99,2,1,0,8,2,2
1650799755,"2022-04-24 11:29:15",0,100,6.065895,2.1986926,0,8,6,4
1650799815,"2022-04-24 11:30:15",0,105,7.6652308,3.8015513,0,8,8,8
1650799875,"2022-04-24 11:31:15",0,85,4.8015513,1,0,7,5,2
1650799935,"2022-04-24 11:32:15",0,80,2,1,0,6,2,2
1650799995,"2022-04-24 11:33:15",0,81,2,1,0,6,2,2
1650800055,"2022-04-24 11:34:15",0,77,7.9875765,1.6832188,0,6,8,3
1650800115,"2022-04-24 11:35:15",0,73,2.683219,4.9582744,0,6,3,10
1650800175,"2022-04-24 11:36:15",0,76,6.0100365,1,0,6,6,2
1650800235,"2022-04-24 11:37:15",0,68,13.263884,2.029521,0,5,13,4
1650800295,"2022-04-24 11:38:15",0,71,3.029521,1,0,6,3,2
1650800355,"2022-04-24 11:39:15",0,70,2.2264662,1,0,6,2,2
1650800415,"2022-04-24 11:40:15",0,72,2,1,0,6,2,2
1650800475,"2022-04-24 11:41:15",0,70,20.475029,3.5658607,0,6,20,7
1650800535,"2022-04-24 11:42:15",0,69,24.83451,4.040834,0,6,25,8
1650800595,"2022-04-24 11:43:15",0,66,27.443094,5.2657285,0,5,27,11
1650800655,"2022-04-24 11:44:15",0,70,34.564186,9.031898,0,6,35,18
1650800715,"2022-04-24 11:45:15",0,65,10.031898,1,0,5,10,2
1650800775,"2022-04-24 11:46:15",0,61,21.852642,4.5682874,0,5,22,9
1650800835,"2022-04-24 11:47:15",0,54,5.5682874,1,0,4,6,2
1650800895,"2022-04-24 11:48:15",0,50,24.267166,3.950482,0,4,24,8
1650800955,"2022-04-24 11:49:15",0,49,4.950482,1,0,4,5,2
1650801015,"2022-04-24 11:50:15",0,49,2,1,0,4,2,2
1650801075,"2022-04-24 11:51:15",0,53,29.682585,4.431004,0,4,30,9
1650801135,"2022-04-24 11:52:15",0,49,5.431004,1,0,4,5,2
1650801195,"2022-04-24 11:53:15",2,49,2,1,2,4,2,2
1650801255,"2022-04-24 11:54:15",3,48,24.83249,5.5217376,3,4,25,11
1650801315,"2022-04-24 11:55:15",4,56,25.498117,8.720208,3,4,25,17
1650801375,"2022-04-24 11:56:15",5,54,30.59171,7.6280165,5,4,31,15
1650801435,"2022-04-24 11:57:15",5,54,8.628016,1,4,4,9,2
1650801495,"2022-04-24 11:58:15",5,55,2,1,4,4,2,2
1650801555,"2022-04-24 11:59:15",4,54,2,1,4,4,2,2
1650801615,"2022-04-24 12:00:15",7,72,2,1,6,6,2,2
1650801675,"2022-04-24 12:01:15",11,128,34.645824,8.516903,11,10,35,17
1650801795,"2022-04-24 12:03:15",20,218,37.840733,7.325363,19,17,38,15
1650801855,"2022-04-24 12:04:15",22,0,,,21,0,0,0
1650801977,"2022-04-24 12:06:17",85,285,37.102707,5.4716673,83,23,37,11
1650802037,"2022-04-24 12:07:17",80,318,29.923409,9.183872,80,25,30,18
1650802097,"2022-04-24 12:08:17",70,374,39.184937,6.294473,71,29,39,13
1650802157,"2022-04-24 12:09:17",57,423,31.322752,10.866703,61,33,31,22
1650802217,"2022-04-24 12:10:17",46,458,64.89624,10.453811,53,35,75,21
